model,entity_type,tag,layer,true_class,pred_class,n,n_true_total,rate
deepseek-ai-DeepSeek-R1-Distill-Llama-8B,functional_group,coarse_group,0,nitrogen,oxygen,103,240,0.429167
deepseek-ai-DeepSeek-R1-Distill-Llama-8B,functional_group,coarse_group,0,sulfur,oxygen,74,200,0.37
deepseek-ai-DeepSeek-R1-Distill-Llama-8B,functional_group,coarse_group,0,oxygen,nitrogen,62,280,0.221429
deepseek-ai-DeepSeek-R1-Distill-Llama-8B,functional_group,coarse_group,0,oxygen,sulfur,60,280,0.214286
deepseek-ai-DeepSeek-R1-Distill-Llama-8B,functional_group,coarse_group,0,oxygen,halide,39,280,0.139286
deepseek-ai-DeepSeek-R1-Distill-Llama-8B,functional_group,coarse_group,0,sulfur,nitrogen,33,200,0.165
deepseek-ai-DeepSeek-R1-Distill-Llama-8B,functional_group,coarse_group,0,nitrogen,halide,26,240,0.108333
deepseek-ai-DeepSeek-R1-Distill-Llama-8B,functional_group,coarse_group,0,oxygen,hydrocarbon,16,280,0.057143
deepseek-ai-DeepSeek-R1-Distill-Llama-8B,functional_group,coarse_group,0,nitrogen,hydrocarbon,14,240,0.058333
deepseek-ai-DeepSeek-R1-Distill-Llama-8B,functional_group,coarse_group,0,sulfur,halide,13,200,0.065
deepseek-ai-DeepSeek-R1-Distill-Llama-8B,functional_group,coarse_group,0,halide,oxygen,8,160,0.05
deepseek-ai-DeepSeek-R1-Distill-Llama-8B,functional_group,coarse_group,1,oxygen,nitrogen,126,280,0.45
deepseek-ai-DeepSeek-R1-Distill-Llama-8B,functional_group,coarse_group,1,nitrogen,oxygen,105,240,0.4375
deepseek-ai-DeepSeek-R1-Distill-Llama-8B,functional_group,coarse_group,1,sulfur,nitrogen,58,200,0.29
deepseek-ai-DeepSeek-R1-Distill-Llama-8B,functional_group,coarse_group,1,sulfur,oxygen,45,200,0.225
deepseek-ai-DeepSeek-R1-Distill-Llama-8B,functional_group,coarse_group,1,nitrogen,hydrocarbon,38,240,0.158333
deepseek-ai-DeepSeek-R1-Distill-Llama-8B,functional_group,coarse_group,1,oxygen,halide,30,280,0.107143
deepseek-ai-DeepSeek-R1-Distill-Llama-8B,functional_group,coarse_group,1,oxygen,sulfur,29,280,0.103571
deepseek-ai-DeepSeek-R1-Distill-Llama-8B,functional_group,coarse_group,1,oxygen,hydrocarbon,17,280,0.060714
deepseek-ai-DeepSeek-R1-Distill-Llama-8B,functional_group,coarse_group,1,nitrogen,sulfur,9,240,0.0375
deepseek-ai-DeepSeek-R1-Distill-Llama-8B,functional_group,coarse_group,1,sulfur,halide,4,200,0.02
deepseek-ai-DeepSeek-R1-Distill-Llama-8B,functional_group,coarse_group,1,nitrogen,halide,1,240,0.004167
deepseek-ai-DeepSeek-R1-Distill-Llama-8B,functional_group,coarse_group,2,oxygen,nitrogen,121,280,0.432143
deepseek-ai-DeepSeek-R1-Distill-Llama-8B,functional_group,coarse_group,2,nitrogen,oxygen,113,240,0.470833
deepseek-ai-DeepSeek-R1-Distill-Llama-8B,functional_group,coarse_group,2,sulfur,nitrogen,77,200,0.385
deepseek-ai-DeepSeek-R1-Distill-Llama-8B,functional_group,coarse_group,2,oxygen,sulfur,34,280,0.121429
deepseek-ai-DeepSeek-R1-Distill-Llama-8B,functional_group,coarse_group,2,oxygen,halide,30,280,0.107143
deepseek-ai-DeepSeek-R1-Distill-Llama-8B,functional_group,coarse_group,2,nitrogen,hydrocarbon,29,240,0.120833
deepseek-ai-DeepSeek-R1-Distill-Llama-8B,functional_group,coarse_group,2,oxygen,hydrocarbon,17,280,0.060714
deepseek-ai-DeepSeek-R1-Distill-Llama-8B,functional_group,coarse_group,2,nitrogen,sulfur,15,240,0.0625
deepseek-ai-DeepSeek-R1-Distill-Llama-8B,functional_group,coarse_group,2,sulfur,oxygen,9,200,0.045
deepseek-ai-DeepSeek-R1-Distill-Llama-8B,functional_group,coarse_group,2,sulfur,halide,4,200,0.02
deepseek-ai-DeepSeek-R1-Distill-Llama-8B,functional_group,coarse_group,2,halide,oxygen,3,160,0.01875
deepseek-ai-DeepSeek-R1-Distill-Llama-8B,functional_group,coarse_group,3,nitrogen,oxygen,135,240,0.5625
deepseek-ai-DeepSeek-R1-Distill-Llama-8B,functional_group,coarse_group,3,oxygen,nitrogen,78,280,0.278571
deepseek-ai-DeepSeek-R1-Distill-Llama-8B,functional_group,coarse_group,3,sulfur,nitrogen,51,200,0.255
deepseek-ai-DeepSeek-R1-Distill-Llama-8B,functional_group,coarse_group,3,sulfur,oxygen,31,200,0.155
deepseek-ai-DeepSeek-R1-Distill-Llama-8B,functional_group,coarse_group,3,oxygen,halide,30,280,0.107143
deepseek-ai-DeepSeek-R1-Distill-Llama-8B,functional_group,coarse_group,3,nitrogen,halide,22,240,0.091667
deepseek-ai-DeepSeek-R1-Distill-Llama-8B,functional_group,coarse_group,3,sulfur,halide,17,200,0.085
deepseek-ai-DeepSeek-R1-Distill-Llama-8B,functional_group,coarse_group,3,nitrogen,sulfur,15,240,0.0625
deepseek-ai-DeepSeek-R1-Distill-Llama-8B,functional_group,coarse_group,3,oxygen,sulfur,14,280,0.05
deepseek-ai-DeepSeek-R1-Distill-Llama-8B,functional_group,coarse_group,3,nitrogen,hydrocarbon,1,240,0.004167
deepseek-ai-DeepSeek-R1-Distill-Llama-8B,functional_group,coarse_group,3,oxygen,hydrocarbon,1,280,0.003571
deepseek-ai-DeepSeek-R1-Distill-Llama-8B,functional_group,coarse_group,4,nitrogen,oxygen,126,240,0.525
deepseek-ai-DeepSeek-R1-Distill-Llama-8B,functional_group,coarse_group,4,oxygen,nitrogen,68,280,0.242857
deepseek-ai-DeepSeek-R1-Distill-Llama-8B,functional_group,coarse_group,4,sulfur,nitrogen,58,200,0.29
deepseek-ai-DeepSeek-R1-Distill-Llama-8B,functional_group,coarse_group,4,oxygen,halide,30,280,0.107143
deepseek-ai-DeepSeek-R1-Distill-Llama-8B,functional_group,coarse_group,4,nitrogen,halide,26,240,0.108333
deepseek-ai-DeepSeek-R1-Distill-Llama-8B,functional_group,coarse_group,4,sulfur,oxygen,23,200,0.115
deepseek-ai-DeepSeek-R1-Distill-Llama-8B,functional_group,coarse_group,4,nitrogen,sulfur,17,240,0.070833
deepseek-ai-DeepSeek-R1-Distill-Llama-8B,functional_group,coarse_group,4,oxygen,sulfur,10,280,0.035714
deepseek-ai-DeepSeek-R1-Distill-Llama-8B,functional_group,coarse_group,4,sulfur,halide,9,200,0.045
deepseek-ai-DeepSeek-R1-Distill-Llama-8B,functional_group,coarse_group,4,oxygen,hydrocarbon,3,280,0.010714
deepseek-ai-DeepSeek-R1-Distill-Llama-8B,functional_group,coarse_group,5,nitrogen,oxygen,125,240,0.520833
deepseek-ai-DeepSeek-R1-Distill-Llama-8B,functional_group,coarse_group,5,sulfur,nitrogen,71,200,0.355
deepseek-ai-DeepSeek-R1-Distill-Llama-8B,functional_group,coarse_group,5,oxygen,nitrogen,46,280,0.164286
deepseek-ai-DeepSeek-R1-Distill-Llama-8B,functional_group,coarse_group,5,oxygen,halide,30,280,0.107143
deepseek-ai-DeepSeek-R1-Distill-Llama-8B,functional_group,coarse_group,5,nitrogen,halide,28,240,0.116667
deepseek-ai-DeepSeek-R1-Distill-Llama-8B,functional_group,coarse_group,5,sulfur,halide,18,200,0.09
deepseek-ai-DeepSeek-R1-Distill-Llama-8B,functional_group,coarse_group,5,nitrogen,sulfur,16,240,0.066667
deepseek-ai-DeepSeek-R1-Distill-Llama-8B,functional_group,coarse_group,5,oxygen,sulfur,9,280,0.032143
deepseek-ai-DeepSeek-R1-Distill-Llama-8B,functional_group,coarse_group,5,sulfur,oxygen,9,200,0.045
deepseek-ai-DeepSeek-R1-Distill-Llama-8B,functional_group,coarse_group,5,oxygen,hydrocarbon,2,280,0.007143
deepseek-ai-DeepSeek-R1-Distill-Llama-8B,functional_group,coarse_group,5,nitrogen,hydrocarbon,1,240,0.004167
deepseek-ai-DeepSeek-R1-Distill-Llama-8B,functional_group,coarse_group,6,nitrogen,oxygen,104,240,0.433333
deepseek-ai-DeepSeek-R1-Distill-Llama-8B,functional_group,coarse_group,6,sulfur,nitrogen,61,200,0.305
deepseek-ai-DeepSeek-R1-Distill-Llama-8B,functional_group,coarse_group,6,nitrogen,halide,39,240,0.1625
deepseek-ai-DeepSeek-R1-Distill-Llama-8B,functional_group,coarse_group,6,oxygen,halide,30,280,0.107143
deepseek-ai-DeepSeek-R1-Distill-Llama-8B,functional_group,coarse_group,6,oxygen,nitrogen,23,280,0.082143
deepseek-ai-DeepSeek-R1-Distill-Llama-8B,functional_group,coarse_group,6,sulfur,halide,22,200,0.11
deepseek-ai-DeepSeek-R1-Distill-Llama-8B,functional_group,coarse_group,6,sulfur,oxygen,19,200,0.095
deepseek-ai-DeepSeek-R1-Distill-Llama-8B,functional_group,coarse_group,6,nitrogen,sulfur,15,240,0.0625
deepseek-ai-DeepSeek-R1-Distill-Llama-8B,functional_group,coarse_group,6,oxygen,sulfur,8,280,0.028571
deepseek-ai-DeepSeek-R1-Distill-Llama-8B,functional_group,coarse_group,6,nitrogen,hydrocarbon,1,240,0.004167
deepseek-ai-DeepSeek-R1-Distill-Llama-8B,functional_group,coarse_group,6,oxygen,hydrocarbon,1,280,0.003571
deepseek-ai-DeepSeek-R1-Distill-Llama-8B,functional_group,coarse_group,7,nitrogen,oxygen,104,240,0.433333
deepseek-ai-DeepSeek-R1-Distill-Llama-8B,functional_group,coarse_group,7,sulfur,nitrogen,51,200,0.255
deepseek-ai-DeepSeek-R1-Distill-Llama-8B,functional_group,coarse_group,7,nitrogen,halide,42,240,0.175
deepseek-ai-DeepSeek-R1-Distill-Llama-8B,functional_group,coarse_group,7,oxygen,halide,30,280,0.107143
deepseek-ai-DeepSeek-R1-Distill-Llama-8B,functional_group,coarse_group,7,sulfur,oxygen,29,200,0.145
deepseek-ai-DeepSeek-R1-Distill-Llama-8B,functional_group,coarse_group,7,oxygen,nitrogen,27,280,0.096429
deepseek-ai-DeepSeek-R1-Distill-Llama-8B,functional_group,coarse_group,7,sulfur,halide,21,200,0.105
deepseek-ai-DeepSeek-R1-Distill-Llama-8B,functional_group,coarse_group,7,nitrogen,sulfur,14,240,0.058333
deepseek-ai-DeepSeek-R1-Distill-Llama-8B,functional_group,coarse_group,7,oxygen,sulfur,8,280,0.028571
deepseek-ai-DeepSeek-R1-Distill-Llama-8B,functional_group,coarse_group,7,oxygen,hydrocarbon,1,280,0.003571
deepseek-ai-DeepSeek-R1-Distill-Llama-8B,functional_group,coarse_group,8,nitrogen,oxygen,112,240,0.466667
deepseek-ai-DeepSeek-R1-Distill-Llama-8B,functional_group,coarse_group,8,sulfur,nitrogen,52,200,0.26
deepseek-ai-DeepSeek-R1-Distill-Llama-8B,functional_group,coarse_group,8,nitrogen,halide,41,240,0.170833
deepseek-ai-DeepSeek-R1-Distill-Llama-8B,functional_group,coarse_group,8,oxygen,halide,29,280,0.103571
deepseek-ai-DeepSeek-R1-Distill-Llama-8B,functional_group,coarse_group,8,oxygen,nitrogen,29,280,0.103571
deepseek-ai-DeepSeek-R1-Distill-Llama-8B,functional_group,coarse_group,8,sulfur,oxygen,28,200,0.14
deepseek-ai-DeepSeek-R1-Distill-Llama-8B,functional_group,coarse_group,8,sulfur,halide,23,200,0.115
deepseek-ai-DeepSeek-R1-Distill-Llama-8B,functional_group,coarse_group,8,nitrogen,sulfur,17,240,0.070833
deepseek-ai-DeepSeek-R1-Distill-Llama-8B,functional_group,coarse_group,8,oxygen,sulfur,12,280,0.042857
deepseek-ai-DeepSeek-R1-Distill-Llama-8B,functional_group,coarse_group,8,oxygen,hydrocarbon,1,280,0.003571
deepseek-ai-DeepSeek-R1-Distill-Llama-8B,functional_group,coarse_group,9,nitrogen,oxygen,110,240,0.458333
deepseek-ai-DeepSeek-R1-Distill-Llama-8B,functional_group,coarse_group,9,sulfur,nitrogen,53,200,0.265
deepseek-ai-DeepSeek-R1-Distill-Llama-8B,functional_group,coarse_group,9,nitrogen,halide,41,240,0.170833
deepseek-ai-DeepSeek-R1-Distill-Llama-8B,functional_group,coarse_group,9,oxygen,nitrogen,32,280,0.114286
deepseek-ai-DeepSeek-R1-Distill-Llama-8B,functional_group,coarse_group,9,oxygen,halide,29,280,0.103571
deepseek-ai-DeepSeek-R1-Distill-Llama-8B,functional_group,coarse_group,9,sulfur,oxygen,28,200,0.14
deepseek-ai-DeepSeek-R1-Distill-Llama-8B,functional_group,coarse_group,9,sulfur,halide,20,200,0.1
deepseek-ai-DeepSeek-R1-Distill-Llama-8B,functional_group,coarse_group,9,nitrogen,sulfur,13,240,0.054167
deepseek-ai-DeepSeek-R1-Distill-Llama-8B,functional_group,coarse_group,9,oxygen,sulfur,11,280,0.039286
deepseek-ai-DeepSeek-R1-Distill-Llama-8B,functional_group,coarse_group,9,oxygen,hydrocarbon,2,280,0.007143
deepseek-ai-DeepSeek-R1-Distill-Llama-8B,functional_group,coarse_group,9,halide,nitrogen,1,160,0.00625
deepseek-ai-DeepSeek-R1-Distill-Llama-8B,functional_group,coarse_group,10,nitrogen,oxygen,107,240,0.445833
deepseek-ai-DeepSeek-R1-Distill-Llama-8B,functional_group,coarse_group,10,sulfur,nitrogen,48,200,0.24
deepseek-ai-DeepSeek-R1-Distill-Llama-8B,functional_group,coarse_group,10,nitrogen,halide,40,240,0.166667
deepseek-ai-DeepSeek-R1-Distill-Llama-8B,functional_group,coarse_group,10,oxygen,nitrogen,34,280,0.121429
deepseek-ai-DeepSeek-R1-Distill-Llama-8B,functional_group,coarse_group,10,sulfur,oxygen,33,200,0.165
deepseek-ai-DeepSeek-R1-Distill-Llama-8B,functional_group,coarse_group,10,oxygen,halide,26,280,0.092857
deepseek-ai-DeepSeek-R1-Distill-Llama-8B,functional_group,coarse_group,10,nitrogen,sulfur,16,240,0.066667
deepseek-ai-DeepSeek-R1-Distill-Llama-8B,functional_group,coarse_group,10,sulfur,halide,16,200,0.08
deepseek-ai-DeepSeek-R1-Distill-Llama-8B,functional_group,coarse_group,10,oxygen,sulfur,13,280,0.046429
deepseek-ai-DeepSeek-R1-Distill-Llama-8B,functional_group,coarse_group,10,oxygen,hydrocarbon,2,280,0.007143
deepseek-ai-DeepSeek-R1-Distill-Llama-8B,functional_group,coarse_group,11,nitrogen,oxygen,107,240,0.445833
deepseek-ai-DeepSeek-R1-Distill-Llama-8B,functional_group,coarse_group,11,oxygen,nitrogen,47,280,0.167857
deepseek-ai-DeepSeek-R1-Distill-Llama-8B,functional_group,coarse_group,11,sulfur,nitrogen,46,200,0.23
deepseek-ai-DeepSeek-R1-Distill-Llama-8B,functional_group,coarse_group,11,sulfur,oxygen,36,200,0.18
deepseek-ai-DeepSeek-R1-Distill-Llama-8B,functional_group,coarse_group,11,nitrogen,halide,31,240,0.129167
deepseek-ai-DeepSeek-R1-Distill-Llama-8B,functional_group,coarse_group,11,oxygen,halide,27,280,0.096429
deepseek-ai-DeepSeek-R1-Distill-Llama-8B,functional_group,coarse_group,11,nitrogen,sulfur,20,240,0.083333
deepseek-ai-DeepSeek-R1-Distill-Llama-8B,functional_group,coarse_group,11,oxygen,sulfur,15,280,0.053571
deepseek-ai-DeepSeek-R1-Distill-Llama-8B,functional_group,coarse_group,11,sulfur,halide,14,200,0.07
deepseek-ai-DeepSeek-R1-Distill-Llama-8B,functional_group,coarse_group,11,oxygen,hydrocarbon,1,280,0.003571
deepseek-ai-DeepSeek-R1-Distill-Llama-8B,functional_group,coarse_group,12,nitrogen,oxygen,95,240,0.395833
deepseek-ai-DeepSeek-R1-Distill-Llama-8B,functional_group,coarse_group,12,sulfur,nitrogen,50,200,0.25
deepseek-ai-DeepSeek-R1-Distill-Llama-8B,functional_group,coarse_group,12,nitrogen,halide,37,240,0.154167
deepseek-ai-DeepSeek-R1-Distill-Llama-8B,functional_group,coarse_group,12,sulfur,oxygen,35,200,0.175
deepseek-ai-DeepSeek-R1-Distill-Llama-8B,functional_group,coarse_group,12,oxygen,nitrogen,25,280,0.089286
deepseek-ai-DeepSeek-R1-Distill-Llama-8B,functional_group,coarse_group,12,oxygen,halide,24,280,0.085714
deepseek-ai-DeepSeek-R1-Distill-Llama-8B,functional_group,coarse_group,12,nitrogen,sulfur,22,240,0.091667
deepseek-ai-DeepSeek-R1-Distill-Llama-8B,functional_group,coarse_group,12,oxygen,sulfur,14,280,0.05
deepseek-ai-DeepSeek-R1-Distill-Llama-8B,functional_group,coarse_group,12,sulfur,halide,10,200,0.05
deepseek-ai-DeepSeek-R1-Distill-Llama-8B,functional_group,coarse_group,13,nitrogen,oxygen,96,240,0.4
deepseek-ai-DeepSeek-R1-Distill-Llama-8B,functional_group,coarse_group,13,sulfur,nitrogen,66,200,0.33
deepseek-ai-DeepSeek-R1-Distill-Llama-8B,functional_group,coarse_group,13,nitrogen,halide,38,240,0.158333
deepseek-ai-DeepSeek-R1-Distill-Llama-8B,functional_group,coarse_group,13,oxygen,nitrogen,32,280,0.114286
deepseek-ai-DeepSeek-R1-Distill-Llama-8B,functional_group,coarse_group,13,oxygen,halide,27,280,0.096429
deepseek-ai-DeepSeek-R1-Distill-Llama-8B,functional_group,coarse_group,13,sulfur,oxygen,24,200,0.12
deepseek-ai-DeepSeek-R1-Distill-Llama-8B,functional_group,coarse_group,13,nitrogen,sulfur,21,240,0.0875
deepseek-ai-DeepSeek-R1-Distill-Llama-8B,functional_group,coarse_group,13,oxygen,sulfur,10,280,0.035714
deepseek-ai-DeepSeek-R1-Distill-Llama-8B,functional_group,coarse_group,13,sulfur,halide,7,200,0.035
deepseek-ai-DeepSeek-R1-Distill-Llama-8B,functional_group,coarse_group,13,oxygen,hydrocarbon,1,280,0.003571
deepseek-ai-DeepSeek-R1-Distill-Llama-8B,functional_group,coarse_group,14,nitrogen,oxygen,91,240,0.379167
deepseek-ai-DeepSeek-R1-Distill-Llama-8B,functional_group,coarse_group,14,sulfur,nitrogen,46,200,0.23
deepseek-ai-DeepSeek-R1-Distill-Llama-8B,functional_group,coarse_group,14,nitrogen,halide,38,240,0.158333
deepseek-ai-DeepSeek-R1-Distill-Llama-8B,functional_group,coarse_group,14,oxygen,nitrogen,37,280,0.132143
deepseek-ai-DeepSeek-R1-Distill-Llama-8B,functional_group,coarse_group,14,sulfur,oxygen,30,200,0.15
deepseek-ai-DeepSeek-R1-Distill-Llama-8B,functional_group,coarse_group,14,oxygen,halide,24,280,0.085714
deepseek-ai-DeepSeek-R1-Distill-Llama-8B,functional_group,coarse_group,14,nitrogen,sulfur,17,240,0.070833
deepseek-ai-DeepSeek-R1-Distill-Llama-8B,functional_group,coarse_group,14,oxygen,sulfur,14,280,0.05
deepseek-ai-DeepSeek-R1-Distill-Llama-8B,functional_group,coarse_group,14,sulfur,halide,8,200,0.04
deepseek-ai-DeepSeek-R1-Distill-Llama-8B,functional_group,coarse_group,14,oxygen,hydrocarbon,1,280,0.003571
deepseek-ai-DeepSeek-R1-Distill-Llama-8B,functional_group,coarse_group,15,nitrogen,oxygen,84,240,0.35
deepseek-ai-DeepSeek-R1-Distill-Llama-8B,functional_group,coarse_group,15,sulfur,nitrogen,42,200,0.21
deepseek-ai-DeepSeek-R1-Distill-Llama-8B,functional_group,coarse_group,15,oxygen,nitrogen,34,280,0.121429
deepseek-ai-DeepSeek-R1-Distill-Llama-8B,functional_group,coarse_group,15,nitrogen,halide,30,240,0.125
deepseek-ai-DeepSeek-R1-Distill-Llama-8B,functional_group,coarse_group,15,oxygen,halide,28,280,0.1
deepseek-ai-DeepSeek-R1-Distill-Llama-8B,functional_group,coarse_group,15,nitrogen,sulfur,26,240,0.108333
deepseek-ai-DeepSeek-R1-Distill-Llama-8B,functional_group,coarse_group,15,sulfur,oxygen,22,200,0.11
deepseek-ai-DeepSeek-R1-Distill-Llama-8B,functional_group,coarse_group,15,oxygen,sulfur,11,280,0.039286
deepseek-ai-DeepSeek-R1-Distill-Llama-8B,functional_group,coarse_group,15,sulfur,halide,7,200,0.035
deepseek-ai-DeepSeek-R1-Distill-Llama-8B,functional_group,coarse_group,15,nitrogen,hydrocarbon,1,240,0.004167
deepseek-ai-DeepSeek-R1-Distill-Llama-8B,functional_group,coarse_group,16,nitrogen,oxygen,53,240,0.220833
deepseek-ai-DeepSeek-R1-Distill-Llama-8B,functional_group,coarse_group,16,oxygen,halide,30,280,0.107143
deepseek-ai-DeepSeek-R1-Distill-Llama-8B,functional_group,coarse_group,16,oxygen,nitrogen,22,280,0.078571
deepseek-ai-DeepSeek-R1-Distill-Llama-8B,functional_group,coarse_group,16,nitrogen,halide,18,240,0.075
deepseek-ai-DeepSeek-R1-Distill-Llama-8B,functional_group,coarse_group,16,sulfur,oxygen,4,200,0.02
deepseek-ai-DeepSeek-R1-Distill-Llama-8B,functional_group,coarse_group,16,nitrogen,sulfur,2,240,0.008333
deepseek-ai-DeepSeek-R1-Distill-Llama-8B,functional_group,coarse_group,16,halide,hydrocarbon,1,160,0.00625
deepseek-ai-DeepSeek-R1-Distill-Llama-8B,functional_group,coarse_group,16,sulfur,halide,1,200,0.005
deepseek-ai-DeepSeek-R1-Distill-Llama-8B,functional_group,coarse_group,16,sulfur,nitrogen,1,200,0.005
deepseek-ai-DeepSeek-R1-Distill-Llama-8B,functional_group,coarse_group,17,nitrogen,oxygen,44,240,0.183333
deepseek-ai-DeepSeek-R1-Distill-Llama-8B,functional_group,coarse_group,17,oxygen,halide,32,280,0.114286
deepseek-ai-DeepSeek-R1-Distill-Llama-8B,functional_group,coarse_group,17,oxygen,nitrogen,28,280,0.1
deepseek-ai-DeepSeek-R1-Distill-Llama-8B,functional_group,coarse_group,17,nitrogen,halide,24,240,0.1
deepseek-ai-DeepSeek-R1-Distill-Llama-8B,functional_group,coarse_group,17,sulfur,oxygen,15,200,0.075
deepseek-ai-DeepSeek-R1-Distill-Llama-8B,functional_group,coarse_group,17,oxygen,sulfur,2,280,0.007143
deepseek-ai-DeepSeek-R1-Distill-Llama-8B,functional_group,coarse_group,17,halide,hydrocarbon,1,160,0.00625
deepseek-ai-DeepSeek-R1-Distill-Llama-8B,functional_group,coarse_group,17,sulfur,halide,1,200,0.005
deepseek-ai-DeepSeek-R1-Distill-Llama-8B,functional_group,coarse_group,17,sulfur,nitrogen,1,200,0.005
deepseek-ai-DeepSeek-R1-Distill-Llama-8B,functional_group,coarse_group,18,nitrogen,oxygen,37,240,0.154167
deepseek-ai-DeepSeek-R1-Distill-Llama-8B,functional_group,coarse_group,18,oxygen,halide,29,280,0.103571
deepseek-ai-DeepSeek-R1-Distill-Llama-8B,functional_group,coarse_group,18,nitrogen,halide,15,240,0.0625
deepseek-ai-DeepSeek-R1-Distill-Llama-8B,functional_group,coarse_group,18,oxygen,nitrogen,12,280,0.042857
deepseek-ai-DeepSeek-R1-Distill-Llama-8B,functional_group,coarse_group,18,oxygen,sulfur,2,280,0.007143
deepseek-ai-DeepSeek-R1-Distill-Llama-8B,functional_group,coarse_group,18,sulfur,halide,2,200,0.01
deepseek-ai-DeepSeek-R1-Distill-Llama-8B,functional_group,coarse_group,18,sulfur,oxygen,2,200,0.01
deepseek-ai-DeepSeek-R1-Distill-Llama-8B,functional_group,coarse_group,18,halide,hydrocarbon,1,160,0.00625
deepseek-ai-DeepSeek-R1-Distill-Llama-8B,functional_group,coarse_group,19,nitrogen,oxygen,26,240,0.108333
deepseek-ai-DeepSeek-R1-Distill-Llama-8B,functional_group,coarse_group,19,oxygen,halide,18,280,0.064286
deepseek-ai-DeepSeek-R1-Distill-Llama-8B,functional_group,coarse_group,19,oxygen,nitrogen,5,280,0.017857
deepseek-ai-DeepSeek-R1-Distill-Llama-8B,functional_group,coarse_group,19,halide,hydrocarbon,1,160,0.00625
deepseek-ai-DeepSeek-R1-Distill-Llama-8B,functional_group,coarse_group,19,nitrogen,halide,1,240,0.004167
deepseek-ai-DeepSeek-R1-Distill-Llama-8B,functional_group,coarse_group,20,nitrogen,oxygen,21,240,0.0875
deepseek-ai-DeepSeek-R1-Distill-Llama-8B,functional_group,coarse_group,20,oxygen,halide,21,280,0.075
deepseek-ai-DeepSeek-R1-Distill-Llama-8B,functional_group,coarse_group,20,oxygen,nitrogen,3,280,0.010714
deepseek-ai-DeepSeek-R1-Distill-Llama-8B,functional_group,coarse_group,20,halide,hydrocarbon,1,160,0.00625
deepseek-ai-DeepSeek-R1-Distill-Llama-8B,functional_group,coarse_group,20,nitrogen,halide,1,240,0.004167
deepseek-ai-DeepSeek-R1-Distill-Llama-8B,functional_group,coarse_group,21,nitrogen,oxygen,25,240,0.104167
deepseek-ai-DeepSeek-R1-Distill-Llama-8B,functional_group,coarse_group,21,oxygen,halide,10,280,0.035714
deepseek-ai-DeepSeek-R1-Distill-Llama-8B,functional_group,coarse_group,21,oxygen,nitrogen,3,280,0.010714
deepseek-ai-DeepSeek-R1-Distill-Llama-8B,functional_group,coarse_group,21,nitrogen,halide,2,240,0.008333
deepseek-ai-DeepSeek-R1-Distill-Llama-8B,functional_group,coarse_group,22,nitrogen,oxygen,38,240,0.158333
deepseek-ai-DeepSeek-R1-Distill-Llama-8B,functional_group,coarse_group,22,oxygen,halide,10,280,0.035714
deepseek-ai-DeepSeek-R1-Distill-Llama-8B,functional_group,coarse_group,22,oxygen,nitrogen,3,280,0.010714
deepseek-ai-DeepSeek-R1-Distill-Llama-8B,functional_group,coarse_group,23,nitrogen,oxygen,46,240,0.191667
deepseek-ai-DeepSeek-R1-Distill-Llama-8B,functional_group,coarse_group,23,oxygen,halide,10,280,0.035714
deepseek-ai-DeepSeek-R1-Distill-Llama-8B,functional_group,coarse_group,23,oxygen,nitrogen,10,280,0.035714
deepseek-ai-DeepSeek-R1-Distill-Llama-8B,functional_group,coarse_group,24,nitrogen,oxygen,35,240,0.145833
deepseek-ai-DeepSeek-R1-Distill-Llama-8B,functional_group,coarse_group,24,oxygen,halide,10,280,0.035714
deepseek-ai-DeepSeek-R1-Distill-Llama-8B,functional_group,coarse_group,24,oxygen,nitrogen,5,280,0.017857
deepseek-ai-DeepSeek-R1-Distill-Llama-8B,functional_group,coarse_group,24,nitrogen,halide,1,240,0.004167
deepseek-ai-DeepSeek-R1-Distill-Llama-8B,functional_group,coarse_group,25,nitrogen,oxygen,34,240,0.141667
deepseek-ai-DeepSeek-R1-Distill-Llama-8B,functional_group,coarse_group,25,oxygen,halide,8,280,0.028571
deepseek-ai-DeepSeek-R1-Distill-Llama-8B,functional_group,coarse_group,25,oxygen,nitrogen,4,280,0.014286
deepseek-ai-DeepSeek-R1-Distill-Llama-8B,functional_group,coarse_group,26,nitrogen,oxygen,35,240,0.145833
deepseek-ai-DeepSeek-R1-Distill-Llama-8B,functional_group,coarse_group,26,oxygen,halide,7,280,0.025
deepseek-ai-DeepSeek-R1-Distill-Llama-8B,functional_group,coarse_group,26,oxygen,nitrogen,4,280,0.014286
deepseek-ai-DeepSeek-R1-Distill-Llama-8B,functional_group,coarse_group,27,nitrogen,oxygen,40,240,0.166667
deepseek-ai-DeepSeek-R1-Distill-Llama-8B,functional_group,coarse_group,27,oxygen,halide,8,280,0.028571
deepseek-ai-DeepSeek-R1-Distill-Llama-8B,functional_group,coarse_group,27,oxygen,nitrogen,3,280,0.010714
deepseek-ai-DeepSeek-R1-Distill-Llama-8B,functional_group,coarse_group,28,nitrogen,oxygen,32,240,0.133333
deepseek-ai-DeepSeek-R1-Distill-Llama-8B,functional_group,coarse_group,28,oxygen,halide,7,280,0.025
deepseek-ai-DeepSeek-R1-Distill-Llama-8B,functional_group,coarse_group,28,oxygen,nitrogen,4,280,0.014286
deepseek-ai-DeepSeek-R1-Distill-Llama-8B,functional_group,coarse_group,29,nitrogen,oxygen,28,240,0.116667
deepseek-ai-DeepSeek-R1-Distill-Llama-8B,functional_group,coarse_group,29,oxygen,halide,6,280,0.021429
deepseek-ai-DeepSeek-R1-Distill-Llama-8B,functional_group,coarse_group,29,oxygen,nitrogen,3,280,0.010714
deepseek-ai-DeepSeek-R1-Distill-Llama-8B,functional_group,coarse_group,30,nitrogen,oxygen,33,240,0.1375
deepseek-ai-DeepSeek-R1-Distill-Llama-8B,functional_group,coarse_group,30,oxygen,nitrogen,3,280,0.010714
deepseek-ai-DeepSeek-R1-Distill-Llama-8B,functional_group,coarse_group,30,oxygen,halide,2,280,0.007143
deepseek-ai-DeepSeek-R1-Distill-Llama-8B,functional_group,coarse_group,31,nitrogen,oxygen,37,240,0.154167
deepseek-ai-DeepSeek-R1-Distill-Llama-8B,functional_group,coarse_group,31,oxygen,halide,3,280,0.010714
deepseek-ai-DeepSeek-R1-Distill-Llama-8B,functional_group,coarse_group,31,oxygen,nitrogen,1,280,0.003571
meta-llama-Llama-3.1-8B,functional_group,coarse_group,0,sulfur,oxygen,131,200,0.655
meta-llama-Llama-3.1-8B,functional_group,coarse_group,0,nitrogen,oxygen,81,240,0.3375
meta-llama-Llama-3.1-8B,functional_group,coarse_group,0,oxygen,sulfur,74,280,0.264286
meta-llama-Llama-3.1-8B,functional_group,coarse_group,0,oxygen,nitrogen,62,280,0.221429
meta-llama-Llama-3.1-8B,functional_group,coarse_group,0,oxygen,halide,37,280,0.132143
meta-llama-Llama-3.1-8B,functional_group,coarse_group,0,oxygen,hydrocarbon,34,280,0.121429
meta-llama-Llama-3.1-8B,functional_group,coarse_group,0,nitrogen,sulfur,28,240,0.116667
meta-llama-Llama-3.1-8B,functional_group,coarse_group,0,sulfur,nitrogen,23,200,0.115
meta-llama-Llama-3.1-8B,functional_group,coarse_group,0,nitrogen,halide,13,240,0.054167
meta-llama-Llama-3.1-8B,functional_group,coarse_group,1,nitrogen,oxygen,147,240,0.6125
meta-llama-Llama-3.1-8B,functional_group,coarse_group,1,oxygen,nitrogen,111,280,0.396429
meta-llama-Llama-3.1-8B,functional_group,coarse_group,1,sulfur,oxygen,48,200,0.24
meta-llama-Llama-3.1-8B,functional_group,coarse_group,1,oxygen,sulfur,42,280,0.15
meta-llama-Llama-3.1-8B,functional_group,coarse_group,1,sulfur,nitrogen,40,200,0.2
meta-llama-Llama-3.1-8B,functional_group,coarse_group,1,oxygen,hydrocarbon,37,280,0.132143
meta-llama-Llama-3.1-8B,functional_group,coarse_group,1,oxygen,halide,30,280,0.107143
meta-llama-Llama-3.1-8B,functional_group,coarse_group,1,nitrogen,sulfur,3,240,0.0125
meta-llama-Llama-3.1-8B,functional_group,coarse_group,1,sulfur,hydrocarbon,2,200,0.01
meta-llama-Llama-3.1-8B,functional_group,coarse_group,2,nitrogen,oxygen,153,240,0.6375
meta-llama-Llama-3.1-8B,functional_group,coarse_group,2,oxygen,nitrogen,120,280,0.428571
meta-llama-Llama-3.1-8B,functional_group,coarse_group,2,sulfur,nitrogen,79,200,0.395
meta-llama-Llama-3.1-8B,functional_group,coarse_group,2,oxygen,hydrocarbon,35,280,0.125
meta-llama-Llama-3.1-8B,functional_group,coarse_group,2,oxygen,sulfur,35,280,0.125
meta-llama-Llama-3.1-8B,functional_group,coarse_group,2,nitrogen,halide,34,240,0.141667
meta-llama-Llama-3.1-8B,functional_group,coarse_group,2,oxygen,halide,30,280,0.107143
meta-llama-Llama-3.1-8B,functional_group,coarse_group,2,nitrogen,sulfur,12,240,0.05
meta-llama-Llama-3.1-8B,functional_group,coarse_group,2,sulfur,oxygen,12,200,0.06
meta-llama-Llama-3.1-8B,functional_group,coarse_group,2,halide,oxygen,5,160,0.03125
meta-llama-Llama-3.1-8B,functional_group,coarse_group,2,sulfur,halide,2,200,0.01
meta-llama-Llama-3.1-8B,functional_group,coarse_group,2,halide,sulfur,1,160,0.00625
meta-llama-Llama-3.1-8B,functional_group,coarse_group,3,nitrogen,oxygen,110,240,0.458333
meta-llama-Llama-3.1-8B,functional_group,coarse_group,3,oxygen,nitrogen,80,280,0.285714
meta-llama-Llama-3.1-8B,functional_group,coarse_group,3,sulfur,oxygen,80,200,0.4
meta-llama-Llama-3.1-8B,functional_group,coarse_group,3,nitrogen,halide,35,240,0.145833
meta-llama-Llama-3.1-8B,functional_group,coarse_group,3,oxygen,halide,30,280,0.107143
meta-llama-Llama-3.1-8B,functional_group,coarse_group,3,sulfur,nitrogen,30,200,0.15
meta-llama-Llama-3.1-8B,functional_group,coarse_group,3,nitrogen,sulfur,21,240,0.0875
meta-llama-Llama-3.1-8B,functional_group,coarse_group,3,oxygen,sulfur,18,280,0.064286
meta-llama-Llama-3.1-8B,functional_group,coarse_group,3,oxygen,hydrocarbon,16,280,0.057143
meta-llama-Llama-3.1-8B,functional_group,coarse_group,3,nitrogen,hydrocarbon,5,240,0.020833
meta-llama-Llama-3.1-8B,functional_group,coarse_group,3,halide,sulfur,2,160,0.0125
meta-llama-Llama-3.1-8B,functional_group,coarse_group,3,sulfur,halide,2,200,0.01
meta-llama-Llama-3.1-8B,functional_group,coarse_group,4,nitrogen,oxygen,94,240,0.391667
meta-llama-Llama-3.1-8B,functional_group,coarse_group,4,sulfur,oxygen,81,200,0.405
meta-llama-Llama-3.1-8B,functional_group,coarse_group,4,oxygen,nitrogen,63,280,0.225
meta-llama-Llama-3.1-8B,functional_group,coarse_group,4,nitrogen,halide,38,240,0.158333
meta-llama-Llama-3.1-8B,functional_group,coarse_group,4,oxygen,halide,30,280,0.107143
meta-llama-Llama-3.1-8B,functional_group,coarse_group,4,sulfur,nitrogen,26,200,0.13
meta-llama-Llama-3.1-8B,functional_group,coarse_group,4,nitrogen,sulfur,12,240,0.05
meta-llama-Llama-3.1-8B,functional_group,coarse_group,4,oxygen,sulfur,11,280,0.039286
meta-llama-Llama-3.1-8B,functional_group,coarse_group,4,oxygen,hydrocarbon,7,280,0.025
meta-llama-Llama-3.1-8B,functional_group,coarse_group,4,halide,sulfur,5,160,0.03125
meta-llama-Llama-3.1-8B,functional_group,coarse_group,4,nitrogen,hydrocarbon,4,240,0.016667
meta-llama-Llama-3.1-8B,functional_group,coarse_group,4,sulfur,halide,3,200,0.015
meta-llama-Llama-3.1-8B,functional_group,coarse_group,5,nitrogen,oxygen,83,240,0.345833
meta-llama-Llama-3.1-8B,functional_group,coarse_group,5,sulfur,oxygen,55,200,0.275
meta-llama-Llama-3.1-8B,functional_group,coarse_group,5,oxygen,nitrogen,48,280,0.171429
meta-llama-Llama-3.1-8B,functional_group,coarse_group,5,sulfur,nitrogen,44,200,0.22
meta-llama-Llama-3.1-8B,functional_group,coarse_group,5,nitrogen,sulfur,34,240,0.141667
meta-llama-Llama-3.1-8B,functional_group,coarse_group,5,nitrogen,halide,32,240,0.133333
meta-llama-Llama-3.1-8B,functional_group,coarse_group,5,oxygen,halide,30,280,0.107143
meta-llama-Llama-3.1-8B,functional_group,coarse_group,5,oxygen,hydrocarbon,13,280,0.046429
meta-llama-Llama-3.1-8B,functional_group,coarse_group,5,sulfur,halide,10,200,0.05
meta-llama-Llama-3.1-8B,functional_group,coarse_group,5,nitrogen,hydrocarbon,6,240,0.025
meta-llama-Llama-3.1-8B,functional_group,coarse_group,5,oxygen,sulfur,6,280,0.021429
meta-llama-Llama-3.1-8B,functional_group,coarse_group,5,halide,sulfur,4,160,0.025
meta-llama-Llama-3.1-8B,functional_group,coarse_group,6,nitrogen,oxygen,75,240,0.3125
meta-llama-Llama-3.1-8B,functional_group,coarse_group,6,sulfur,nitrogen,63,200,0.315
meta-llama-Llama-3.1-8B,functional_group,coarse_group,6,oxygen,nitrogen,52,280,0.185714
meta-llama-Llama-3.1-8B,functional_group,coarse_group,6,nitrogen,sulfur,36,240,0.15
meta-llama-Llama-3.1-8B,functional_group,coarse_group,6,nitrogen,halide,34,240,0.141667
meta-llama-Llama-3.1-8B,functional_group,coarse_group,6,oxygen,halide,30,280,0.107143
meta-llama-Llama-3.1-8B,functional_group,coarse_group,6,sulfur,oxygen,24,200,0.12
meta-llama-Llama-3.1-8B,functional_group,coarse_group,6,sulfur,halide,15,200,0.075
meta-llama-Llama-3.1-8B,functional_group,coarse_group,6,oxygen,hydrocarbon,14,280,0.05
meta-llama-Llama-3.1-8B,functional_group,coarse_group,6,nitrogen,hydrocarbon,8,240,0.033333
meta-llama-Llama-3.1-8B,functional_group,coarse_group,6,halide,sulfur,7,160,0.04375
meta-llama-Llama-3.1-8B,functional_group,coarse_group,6,halide,oxygen,3,160,0.01875
meta-llama-Llama-3.1-8B,functional_group,coarse_group,6,oxygen,sulfur,2,280,0.007143
meta-llama-Llama-3.1-8B,functional_group,coarse_group,7,nitrogen,oxygen,108,240,0.45
meta-llama-Llama-3.1-8B,functional_group,coarse_group,7,oxygen,nitrogen,62,280,0.221429
meta-llama-Llama-3.1-8B,functional_group,coarse_group,7,sulfur,nitrogen,51,200,0.255
meta-llama-Llama-3.1-8B,functional_group,coarse_group,7,oxygen,halide,30,280,0.107143
meta-llama-Llama-3.1-8B,functional_group,coarse_group,7,sulfur,oxygen,25,200,0.125
meta-llama-Llama-3.1-8B,functional_group,coarse_group,7,nitrogen,sulfur,24,240,0.1
meta-llama-Llama-3.1-8B,functional_group,coarse_group,7,nitrogen,halide,21,240,0.0875
meta-llama-Llama-3.1-8B,functional_group,coarse_group,7,sulfur,halide,16,200,0.08
meta-llama-Llama-3.1-8B,functional_group,coarse_group,7,oxygen,hydrocarbon,11,280,0.039286
meta-llama-Llama-3.1-8B,functional_group,coarse_group,7,halide,sulfur,8,160,0.05
meta-llama-Llama-3.1-8B,functional_group,coarse_group,7,halide,oxygen,6,160,0.0375
meta-llama-Llama-3.1-8B,functional_group,coarse_group,7,nitrogen,hydrocarbon,4,240,0.016667
meta-llama-Llama-3.1-8B,functional_group,coarse_group,7,oxygen,sulfur,1,280,0.003571
meta-llama-Llama-3.1-8B,functional_group,coarse_group,8,nitrogen,oxygen,98,240,0.408333
meta-llama-Llama-3.1-8B,functional_group,coarse_group,8,sulfur,nitrogen,55,200,0.275
meta-llama-Llama-3.1-8B,functional_group,coarse_group,8,oxygen,nitrogen,54,280,0.192857
meta-llama-Llama-3.1-8B,functional_group,coarse_group,8,nitrogen,halide,31,240,0.129167
meta-llama-Llama-3.1-8B,functional_group,coarse_group,8,oxygen,halide,30,280,0.107143
meta-llama-Llama-3.1-8B,functional_group,coarse_group,8,sulfur,oxygen,25,200,0.125
meta-llama-Llama-3.1-8B,functional_group,coarse_group,8,nitrogen,sulfur,23,240,0.095833
meta-llama-Llama-3.1-8B,functional_group,coarse_group,8,sulfur,halide,13,200,0.065
meta-llama-Llama-3.1-8B,functional_group,coarse_group,8,oxygen,hydrocarbon,6,280,0.021429
meta-llama-Llama-3.1-8B,functional_group,coarse_group,8,halide,sulfur,5,160,0.03125
meta-llama-Llama-3.1-8B,functional_group,coarse_group,8,oxygen,sulfur,5,280,0.017857
meta-llama-Llama-3.1-8B,functional_group,coarse_group,8,halide,oxygen,4,160,0.025
meta-llama-Llama-3.1-8B,functional_group,coarse_group,8,nitrogen,hydrocarbon,2,240,0.008333
meta-llama-Llama-3.1-8B,functional_group,coarse_group,9,nitrogen,oxygen,85,240,0.354167
meta-llama-Llama-3.1-8B,functional_group,coarse_group,9,sulfur,nitrogen,62,200,0.31
meta-llama-Llama-3.1-8B,functional_group,coarse_group,9,oxygen,nitrogen,35,280,0.125
meta-llama-Llama-3.1-8B,functional_group,coarse_group,9,oxygen,halide,30,280,0.107143
meta-llama-Llama-3.1-8B,functional_group,coarse_group,9,nitrogen,sulfur,28,240,0.116667
meta-llama-Llama-3.1-8B,functional_group,coarse_group,9,sulfur,oxygen,20,200,0.1
meta-llama-Llama-3.1-8B,functional_group,coarse_group,9,nitrogen,halide,17,240,0.070833
meta-llama-Llama-3.1-8B,functional_group,coarse_group,9,sulfur,halide,7,200,0.035
meta-llama-Llama-3.1-8B,functional_group,coarse_group,9,halide,oxygen,6,160,0.0375
meta-llama-Llama-3.1-8B,functional_group,coarse_group,9,halide,sulfur,6,160,0.0375
meta-llama-Llama-3.1-8B,functional_group,coarse_group,9,oxygen,hydrocarbon,5,280,0.017857
meta-llama-Llama-3.1-8B,functional_group,coarse_group,9,oxygen,sulfur,4,280,0.014286
meta-llama-Llama-3.1-8B,functional_group,coarse_group,9,halide,nitrogen,2,160,0.0125
meta-llama-Llama-3.1-8B,functional_group,coarse_group,9,nitrogen,hydrocarbon,2,240,0.008333
meta-llama-Llama-3.1-8B,functional_group,coarse_group,10,nitrogen,oxygen,91,240,0.379167
meta-llama-Llama-3.1-8B,functional_group,coarse_group,10,sulfur,nitrogen,61,200,0.305
meta-llama-Llama-3.1-8B,functional_group,coarse_group,10,oxygen,nitrogen,31,280,0.110714
meta-llama-Llama-3.1-8B,functional_group,coarse_group,10,sulfur,oxygen,30,200,0.15
meta-llama-Llama-3.1-8B,functional_group,coarse_group,10,oxygen,halide,29,280,0.103571
meta-llama-Llama-3.1-8B,functional_group,coarse_group,10,nitrogen,sulfur,22,240,0.091667
meta-llama-Llama-3.1-8B,functional_group,coarse_group,10,nitrogen,halide,14,240,0.058333
meta-llama-Llama-3.1-8B,functional_group,coarse_group,10,halide,sulfur,9,160,0.05625
meta-llama-Llama-3.1-8B,functional_group,coarse_group,10,oxygen,hydrocarbon,6,280,0.021429
meta-llama-Llama-3.1-8B,functional_group,coarse_group,10,halide,oxygen,5,160,0.03125
meta-llama-Llama-3.1-8B,functional_group,coarse_group,10,oxygen,sulfur,5,280,0.017857
meta-llama-Llama-3.1-8B,functional_group,coarse_group,10,halide,nitrogen,1,160,0.00625
meta-llama-Llama-3.1-8B,functional_group,coarse_group,10,nitrogen,hydrocarbon,1,240,0.004167
meta-llama-Llama-3.1-8B,functional_group,coarse_group,11,sulfur,nitrogen,68,200,0.34
meta-llama-Llama-3.1-8B,functional_group,coarse_group,11,nitrogen,oxygen,67,240,0.279167
meta-llama-Llama-3.1-8B,functional_group,coarse_group,11,oxygen,halide,29,280,0.103571
meta-llama-Llama-3.1-8B,functional_group,coarse_group,11,sulfur,oxygen,27,200,0.135
meta-llama-Llama-3.1-8B,functional_group,coarse_group,11,nitrogen,sulfur,26,240,0.108333
meta-llama-Llama-3.1-8B,functional_group,coarse_group,11,oxygen,nitrogen,20,280,0.071429
meta-llama-Llama-3.1-8B,functional_group,coarse_group,11,nitrogen,halide,18,240,0.075
meta-llama-Llama-3.1-8B,functional_group,coarse_group,11,halide,sulfur,6,160,0.0375
meta-llama-Llama-3.1-8B,functional_group,coarse_group,11,oxygen,hydrocarbon,6,280,0.021429
meta-llama-Llama-3.1-8B,functional_group,coarse_group,11,oxygen,sulfur,5,280,0.017857
meta-llama-Llama-3.1-8B,functional_group,coarse_group,11,halide,oxygen,3,160,0.01875
meta-llama-Llama-3.1-8B,functional_group,coarse_group,12,sulfur,nitrogen,78,200,0.39
meta-llama-Llama-3.1-8B,functional_group,coarse_group,12,nitrogen,oxygen,44,240,0.183333
meta-llama-Llama-3.1-8B,functional_group,coarse_group,12,oxygen,halide,30,280,0.107143
meta-llama-Llama-3.1-8B,functional_group,coarse_group,12,nitrogen,sulfur,29,240,0.120833
meta-llama-Llama-3.1-8B,functional_group,coarse_group,12,nitrogen,halide,18,240,0.075
meta-llama-Llama-3.1-8B,functional_group,coarse_group,12,sulfur,oxygen,15,200,0.075
meta-llama-Llama-3.1-8B,functional_group,coarse_group,12,oxygen,nitrogen,12,280,0.042857
meta-llama-Llama-3.1-8B,functional_group,coarse_group,12,halide,sulfur,4,160,0.025
meta-llama-Llama-3.1-8B,functional_group,coarse_group,12,oxygen,hydrocarbon,3,280,0.010714
meta-llama-Llama-3.1-8B,functional_group,coarse_group,12,oxygen,sulfur,3,280,0.010714
meta-llama-Llama-3.1-8B,functional_group,coarse_group,12,sulfur,halide,2,200,0.01
meta-llama-Llama-3.1-8B,functional_group,coarse_group,13,sulfur,nitrogen,76,200,0.38
meta-llama-Llama-3.1-8B,functional_group,coarse_group,13,nitrogen,oxygen,45,240,0.1875
meta-llama-Llama-3.1-8B,functional_group,coarse_group,13,oxygen,halide,28,280,0.1
meta-llama-Llama-3.1-8B,functional_group,coarse_group,13,nitrogen,sulfur,20,240,0.083333
meta-llama-Llama-3.1-8B,functional_group,coarse_group,13,sulfur,oxygen,18,200,0.09
meta-llama-Llama-3.1-8B,functional_group,coarse_group,13,nitrogen,halide,14,240,0.058333
meta-llama-Llama-3.1-8B,functional_group,coarse_group,13,oxygen,nitrogen,14,280,0.05
meta-llama-Llama-3.1-8B,functional_group,coarse_group,13,oxygen,hydrocarbon,4,280,0.014286
meta-llama-Llama-3.1-8B,functional_group,coarse_group,13,oxygen,sulfur,4,280,0.014286
meta-llama-Llama-3.1-8B,functional_group,coarse_group,13,halide,sulfur,2,160,0.0125
meta-llama-Llama-3.1-8B,functional_group,coarse_group,13,sulfur,halide,1,200,0.005
meta-llama-Llama-3.1-8B,functional_group,coarse_group,14,sulfur,nitrogen,64,200,0.32
meta-llama-Llama-3.1-8B,functional_group,coarse_group,14,nitrogen,sulfur,30,240,0.125
meta-llama-Llama-3.1-8B,functional_group,coarse_group,14,oxygen,halide,25,280,0.089286
meta-llama-Llama-3.1-8B,functional_group,coarse_group,14,nitrogen,oxygen,24,240,0.1
meta-llama-Llama-3.1-8B,functional_group,coarse_group,14,sulfur,oxygen,22,200,0.11
meta-llama-Llama-3.1-8B,functional_group,coarse_group,14,nitrogen,halide,16,240,0.066667
meta-llama-Llama-3.1-8B,functional_group,coarse_group,14,oxygen,nitrogen,12,280,0.042857
meta-llama-Llama-3.1-8B,functional_group,coarse_group,14,oxygen,sulfur,10,280,0.035714
meta-llama-Llama-3.1-8B,functional_group,coarse_group,14,halide,sulfur,4,160,0.025
meta-llama-Llama-3.1-8B,functional_group,coarse_group,14,oxygen,hydrocarbon,4,280,0.014286
meta-llama-Llama-3.1-8B,functional_group,coarse_group,14,sulfur,halide,1,200,0.005
meta-llama-Llama-3.1-8B,functional_group,coarse_group,15,sulfur,nitrogen,70,200,0.35
meta-llama-Llama-3.1-8B,functional_group,coarse_group,15,nitrogen,sulfur,28,240,0.116667
meta-llama-Llama-3.1-8B,functional_group,coarse_group,15,oxygen,halide,27,280,0.096429
meta-llama-Llama-3.1-8B,functional_group,coarse_group,15,nitrogen,oxygen,17,240,0.070833
meta-llama-Llama-3.1-8B,functional_group,coarse_group,15,nitrogen,halide,15,240,0.0625
meta-llama-Llama-3.1-8B,functional_group,coarse_group,15,oxygen,nitrogen,13,280,0.046429
meta-llama-Llama-3.1-8B,functional_group,coarse_group,15,oxygen,sulfur,11,280,0.039286
meta-llama-Llama-3.1-8B,functional_group,coarse_group,15,sulfur,oxygen,7,200,0.035
meta-llama-Llama-3.1-8B,functional_group,coarse_group,15,halide,sulfur,3,160,0.01875
meta-llama-Llama-3.1-8B,functional_group,coarse_group,16,oxygen,halide,29,280,0.103571
meta-llama-Llama-3.1-8B,functional_group,coarse_group,16,nitrogen,oxygen,16,240,0.066667
meta-llama-Llama-3.1-8B,functional_group,coarse_group,16,nitrogen,sulfur,16,240,0.066667
meta-llama-Llama-3.1-8B,functional_group,coarse_group,16,oxygen,nitrogen,8,280,0.028571
meta-llama-Llama-3.1-8B,functional_group,coarse_group,16,nitrogen,halide,5,240,0.020833
meta-llama-Llama-3.1-8B,functional_group,coarse_group,16,sulfur,halide,2,200,0.01
meta-llama-Llama-3.1-8B,functional_group,coarse_group,16,oxygen,sulfur,1,280,0.003571
meta-llama-Llama-3.1-8B,functional_group,coarse_group,16,sulfur,oxygen,1,200,0.005
meta-llama-Llama-3.1-8B,functional_group,coarse_group,17,oxygen,halide,29,280,0.103571
meta-llama-Llama-3.1-8B,functional_group,coarse_group,17,nitrogen,halide,11,240,0.045833
meta-llama-Llama-3.1-8B,functional_group,coarse_group,17,nitrogen,oxygen,10,240,0.041667
meta-llama-Llama-3.1-8B,functional_group,coarse_group,17,oxygen,nitrogen,8,280,0.028571
meta-llama-Llama-3.1-8B,functional_group,coarse_group,17,oxygen,sulfur,2,280,0.007143
meta-llama-Llama-3.1-8B,functional_group,coarse_group,17,sulfur,halide,1,200,0.005
meta-llama-Llama-3.1-8B,functional_group,coarse_group,18,oxygen,halide,28,280,0.1
meta-llama-Llama-3.1-8B,functional_group,coarse_group,18,nitrogen,oxygen,7,240,0.029167
meta-llama-Llama-3.1-8B,functional_group,coarse_group,18,nitrogen,halide,3,240,0.0125
meta-llama-Llama-3.1-8B,functional_group,coarse_group,18,oxygen,nitrogen,2,280,0.007143
meta-llama-Llama-3.1-8B,functional_group,coarse_group,18,sulfur,halide,2,200,0.01
meta-llama-Llama-3.1-8B,functional_group,coarse_group,18,oxygen,sulfur,1,280,0.003571
meta-llama-Llama-3.1-8B,functional_group,coarse_group,18,sulfur,oxygen,1,200,0.005
meta-llama-Llama-3.1-8B,functional_group,coarse_group,19,oxygen,halide,15,280,0.053571
meta-llama-Llama-3.1-8B,functional_group,coarse_group,19,nitrogen,halide,4,240,0.016667
meta-llama-Llama-3.1-8B,functional_group,coarse_group,19,sulfur,halide,4,200,0.02
meta-llama-Llama-3.1-8B,functional_group,coarse_group,19,oxygen,nitrogen,1,280,0.003571
meta-llama-Llama-3.1-8B,functional_group,coarse_group,20,oxygen,halide,16,280,0.057143
meta-llama-Llama-3.1-8B,functional_group,coarse_group,20,nitrogen,halide,3,240,0.0125
meta-llama-Llama-3.1-8B,functional_group,coarse_group,20,oxygen,hydrocarbon,1,280,0.003571
meta-llama-Llama-3.1-8B,functional_group,coarse_group,21,nitrogen,halide,2,240,0.008333
meta-llama-Llama-3.1-8B,functional_group,coarse_group,21,oxygen,halide,1,280,0.003571
meta-llama-Llama-3.1-8B,functional_group,coarse_group,21,oxygen,hydrocarbon,1,280,0.003571
meta-llama-Llama-3.1-8B,functional_group,coarse_group,22,nitrogen,oxygen,2,240,0.008333
meta-llama-Llama-3.1-8B,functional_group,coarse_group,22,nitrogen,halide,1,240,0.004167
meta-llama-Llama-3.1-8B,functional_group,coarse_group,22,oxygen,hydrocarbon,1,280,0.003571
meta-llama-Llama-3.1-8B,functional_group,coarse_group,22,sulfur,halide,1,200,0.005
meta-llama-Llama-3.1-8B,functional_group,coarse_group,23,sulfur,halide,2,200,0.01
meta-llama-Llama-3.1-8B,functional_group,coarse_group,23,nitrogen,halide,1,240,0.004167
meta-llama-Llama-3.1-8B,functional_group,coarse_group,23,nitrogen,oxygen,1,240,0.004167
meta-llama-Llama-3.1-8B,functional_group,coarse_group,23,oxygen,hydrocarbon,1,280,0.003571
meta-llama-Llama-3.1-8B,functional_group,coarse_group,24,nitrogen,halide,1,240,0.004167
meta-llama-Llama-3.1-8B,functional_group,coarse_group,24,oxygen,hydrocarbon,1,280,0.003571
meta-llama-Llama-3.1-8B,functional_group,coarse_group,25,oxygen,hydrocarbon,1,280,0.003571
meta-llama-Llama-3.1-8B,functional_group,coarse_group,26,oxygen,halide,1,280,0.003571
meta-llama-Llama-3.1-8B,functional_group,coarse_group,26,oxygen,hydrocarbon,1,280,0.003571
meta-llama-Llama-3.1-8B,functional_group,coarse_group,27,oxygen,halide,1,280,0.003571
meta-llama-Llama-3.1-8B,functional_group,coarse_group,27,oxygen,hydrocarbon,1,280,0.003571
meta-llama-Llama-3.1-8B,functional_group,coarse_group,28,oxygen,hydrocarbon,1,280,0.003571
meta-llama-Llama-3.1-8B,functional_group,coarse_group,28,sulfur,halide,1,200,0.005
meta-llama-Llama-3.1-8B,functional_group,coarse_group,31,halide,hydrocarbon,1,160,0.00625
meta-llama-Llama-3.1-8B,functional_group,coarse_group,31,oxygen,hydrocarbon,1,280,0.003571
phenixace-Chem-R-Faithful,functional_group,coarse_group,0,nitrogen,oxygen,74,240,0.308333
phenixace-Chem-R-Faithful,functional_group,coarse_group,0,oxygen,halide,53,280,0.189286
phenixace-Chem-R-Faithful,functional_group,coarse_group,0,oxygen,nitrogen,52,280,0.185714
phenixace-Chem-R-Faithful,functional_group,coarse_group,0,sulfur,nitrogen,52,200,0.26
phenixace-Chem-R-Faithful,functional_group,coarse_group,0,sulfur,oxygen,49,200,0.245
phenixace-Chem-R-Faithful,functional_group,coarse_group,0,nitrogen,halide,45,240,0.1875
phenixace-Chem-R-Faithful,functional_group,coarse_group,0,oxygen,sulfur,39,280,0.139286
phenixace-Chem-R-Faithful,functional_group,coarse_group,0,sulfur,halide,31,200,0.155
phenixace-Chem-R-Faithful,functional_group,coarse_group,0,nitrogen,sulfur,25,240,0.104167
phenixace-Chem-R-Faithful,functional_group,coarse_group,0,oxygen,hydrocarbon,11,280,0.039286
phenixace-Chem-R-Faithful,functional_group,coarse_group,0,halide,oxygen,1,160,0.00625
phenixace-Chem-R-Faithful,functional_group,coarse_group,1,nitrogen,oxygen,89,240,0.370833
phenixace-Chem-R-Faithful,functional_group,coarse_group,1,sulfur,nitrogen,51,200,0.255
phenixace-Chem-R-Faithful,functional_group,coarse_group,1,oxygen,nitrogen,40,280,0.142857
phenixace-Chem-R-Faithful,functional_group,coarse_group,1,oxygen,hydrocarbon,36,280,0.128571
phenixace-Chem-R-Faithful,functional_group,coarse_group,1,nitrogen,sulfur,34,240,0.141667
phenixace-Chem-R-Faithful,functional_group,coarse_group,1,oxygen,halide,31,280,0.110714
phenixace-Chem-R-Faithful,functional_group,coarse_group,1,sulfur,oxygen,29,200,0.145
phenixace-Chem-R-Faithful,functional_group,coarse_group,1,sulfur,halide,23,200,0.115
phenixace-Chem-R-Faithful,functional_group,coarse_group,1,oxygen,sulfur,6,280,0.021429
phenixace-Chem-R-Faithful,functional_group,coarse_group,2,nitrogen,oxygen,79,240,0.329167
phenixace-Chem-R-Faithful,functional_group,coarse_group,2,sulfur,nitrogen,41,200,0.205
phenixace-Chem-R-Faithful,functional_group,coarse_group,2,sulfur,oxygen,41,200,0.205
phenixace-Chem-R-Faithful,functional_group,coarse_group,2,oxygen,nitrogen,37,280,0.132143
phenixace-Chem-R-Faithful,functional_group,coarse_group,2,nitrogen,halide,36,240,0.15
phenixace-Chem-R-Faithful,functional_group,coarse_group,2,oxygen,halide,30,280,0.107143
phenixace-Chem-R-Faithful,functional_group,coarse_group,2,sulfur,halide,29,200,0.145
phenixace-Chem-R-Faithful,functional_group,coarse_group,2,oxygen,hydrocarbon,24,280,0.085714
phenixace-Chem-R-Faithful,functional_group,coarse_group,2,nitrogen,sulfur,19,240,0.079167
phenixace-Chem-R-Faithful,functional_group,coarse_group,2,halide,oxygen,5,160,0.03125
phenixace-Chem-R-Faithful,functional_group,coarse_group,2,halide,sulfur,2,160,0.0125
phenixace-Chem-R-Faithful,functional_group,coarse_group,2,oxygen,sulfur,2,280,0.007143
phenixace-Chem-R-Faithful,functional_group,coarse_group,2,sulfur,hydrocarbon,1,200,0.005
phenixace-Chem-R-Faithful,functional_group,coarse_group,3,nitrogen,oxygen,66,240,0.275
phenixace-Chem-R-Faithful,functional_group,coarse_group,3,sulfur,oxygen,58,200,0.29
phenixace-Chem-R-Faithful,functional_group,coarse_group,3,nitrogen,halide,40,240,0.166667
phenixace-Chem-R-Faithful,functional_group,coarse_group,3,oxygen,halide,30,280,0.107143
phenixace-Chem-R-Faithful,functional_group,coarse_group,3,sulfur,nitrogen,24,200,0.12
phenixace-Chem-R-Faithful,functional_group,coarse_group,3,oxygen,nitrogen,22,280,0.078571
phenixace-Chem-R-Faithful,functional_group,coarse_group,3,sulfur,halide,20,200,0.1
phenixace-Chem-R-Faithful,functional_group,coarse_group,3,nitrogen,sulfur,16,240,0.066667
phenixace-Chem-R-Faithful,functional_group,coarse_group,3,sulfur,hydrocarbon,11,200,0.055
phenixace-Chem-R-Faithful,functional_group,coarse_group,3,oxygen,hydrocarbon,10,280,0.035714
phenixace-Chem-R-Faithful,functional_group,coarse_group,3,oxygen,sulfur,2,280,0.007143
phenixace-Chem-R-Faithful,functional_group,coarse_group,4,sulfur,oxygen,60,200,0.3
phenixace-Chem-R-Faithful,functional_group,coarse_group,4,nitrogen,oxygen,52,240,0.216667
phenixace-Chem-R-Faithful,functional_group,coarse_group,4,nitrogen,halide,40,240,0.166667
phenixace-Chem-R-Faithful,functional_group,coarse_group,4,oxygen,halide,30,280,0.107143
phenixace-Chem-R-Faithful,functional_group,coarse_group,4,oxygen,nitrogen,22,280,0.078571
phenixace-Chem-R-Faithful,functional_group,coarse_group,4,sulfur,nitrogen,22,200,0.11
phenixace-Chem-R-Faithful,functional_group,coarse_group,4,sulfur,halide,18,200,0.09
phenixace-Chem-R-Faithful,functional_group,coarse_group,4,nitrogen,sulfur,15,240,0.0625
phenixace-Chem-R-Faithful,functional_group,coarse_group,4,sulfur,hydrocarbon,13,200,0.065
phenixace-Chem-R-Faithful,functional_group,coarse_group,4,oxygen,hydrocarbon,6,280,0.021429
phenixace-Chem-R-Faithful,functional_group,coarse_group,4,oxygen,sulfur,4,280,0.014286
phenixace-Chem-R-Faithful,functional_group,coarse_group,5,nitrogen,oxygen,74,240,0.308333
phenixace-Chem-R-Faithful,functional_group,coarse_group,5,sulfur,oxygen,43,200,0.215
phenixace-Chem-R-Faithful,functional_group,coarse_group,5,sulfur,nitrogen,41,200,0.205
phenixace-Chem-R-Faithful,functional_group,coarse_group,5,nitrogen,halide,40,240,0.166667
phenixace-Chem-R-Faithful,functional_group,coarse_group,5,oxygen,halide,30,280,0.107143
phenixace-Chem-R-Faithful,functional_group,coarse_group,5,sulfur,halide,24,200,0.12
phenixace-Chem-R-Faithful,functional_group,coarse_group,5,oxygen,nitrogen,18,280,0.064286
phenixace-Chem-R-Faithful,functional_group,coarse_group,5,nitrogen,sulfur,9,240,0.0375
phenixace-Chem-R-Faithful,functional_group,coarse_group,5,oxygen,hydrocarbon,8,280,0.028571
phenixace-Chem-R-Faithful,functional_group,coarse_group,5,sulfur,hydrocarbon,3,200,0.015
phenixace-Chem-R-Faithful,functional_group,coarse_group,5,nitrogen,hydrocarbon,1,240,0.004167
phenixace-Chem-R-Faithful,functional_group,coarse_group,5,oxygen,sulfur,1,280,0.003571
phenixace-Chem-R-Faithful,functional_group,coarse_group,6,nitrogen,oxygen,78,240,0.325
phenixace-Chem-R-Faithful,functional_group,coarse_group,6,sulfur,oxygen,63,200,0.315
phenixace-Chem-R-Faithful,functional_group,coarse_group,6,nitrogen,halide,40,240,0.166667
phenixace-Chem-R-Faithful,functional_group,coarse_group,6,oxygen,halide,30,280,0.107143
phenixace-Chem-R-Faithful,functional_group,coarse_group,6,sulfur,halide,25,200,0.125
phenixace-Chem-R-Faithful,functional_group,coarse_group,6,oxygen,nitrogen,14,280,0.05
phenixace-Chem-R-Faithful,functional_group,coarse_group,6,sulfur,nitrogen,13,200,0.065
phenixace-Chem-R-Faithful,functional_group,coarse_group,6,oxygen,hydrocarbon,8,280,0.028571
phenixace-Chem-R-Faithful,functional_group,coarse_group,6,nitrogen,sulfur,4,240,0.016667
phenixace-Chem-R-Faithful,functional_group,coarse_group,6,oxygen,sulfur,2,280,0.007143
phenixace-Chem-R-Faithful,functional_group,coarse_group,6,sulfur,hydrocarbon,2,200,0.01
phenixace-Chem-R-Faithful,functional_group,coarse_group,7,nitrogen,oxygen,95,240,0.395833
phenixace-Chem-R-Faithful,functional_group,coarse_group,7,sulfur,oxygen,75,200,0.375
phenixace-Chem-R-Faithful,functional_group,coarse_group,7,nitrogen,halide,38,240,0.158333
phenixace-Chem-R-Faithful,functional_group,coarse_group,7,oxygen,halide,30,280,0.107143
phenixace-Chem-R-Faithful,functional_group,coarse_group,7,sulfur,halide,26,200,0.13
phenixace-Chem-R-Faithful,functional_group,coarse_group,7,oxygen,nitrogen,19,280,0.067857
phenixace-Chem-R-Faithful,functional_group,coarse_group,7,oxygen,sulfur,8,280,0.028571
phenixace-Chem-R-Faithful,functional_group,coarse_group,7,sulfur,nitrogen,8,200,0.04
phenixace-Chem-R-Faithful,functional_group,coarse_group,7,nitrogen,sulfur,5,240,0.020833
phenixace-Chem-R-Faithful,functional_group,coarse_group,7,oxygen,hydrocarbon,2,280,0.007143
phenixace-Chem-R-Faithful,functional_group,coarse_group,8,sulfur,oxygen,82,200,0.41
phenixace-Chem-R-Faithful,functional_group,coarse_group,8,nitrogen,oxygen,79,240,0.329167
phenixace-Chem-R-Faithful,functional_group,coarse_group,8,nitrogen,halide,42,240,0.175
phenixace-Chem-R-Faithful,functional_group,coarse_group,8,oxygen,halide,28,280,0.1
phenixace-Chem-R-Faithful,functional_group,coarse_group,8,nitrogen,sulfur,21,240,0.0875
phenixace-Chem-R-Faithful,functional_group,coarse_group,8,sulfur,halide,20,200,0.1
phenixace-Chem-R-Faithful,functional_group,coarse_group,8,oxygen,sulfur,11,280,0.039286
phenixace-Chem-R-Faithful,functional_group,coarse_group,8,oxygen,nitrogen,8,280,0.028571
phenixace-Chem-R-Faithful,functional_group,coarse_group,8,sulfur,nitrogen,8,200,0.04
phenixace-Chem-R-Faithful,functional_group,coarse_group,8,nitrogen,hydrocarbon,1,240,0.004167
phenixace-Chem-R-Faithful,functional_group,coarse_group,8,oxygen,hydrocarbon,1,280,0.003571
phenixace-Chem-R-Faithful,functional_group,coarse_group,9,sulfur,oxygen,82,200,0.41
phenixace-Chem-R-Faithful,functional_group,coarse_group,9,nitrogen,oxygen,73,240,0.304167
phenixace-Chem-R-Faithful,functional_group,coarse_group,9,nitrogen,halide,40,240,0.166667
phenixace-Chem-R-Faithful,functional_group,coarse_group,9,oxygen,halide,29,280,0.103571
phenixace-Chem-R-Faithful,functional_group,coarse_group,9,sulfur,halide,17,200,0.085
phenixace-Chem-R-Faithful,functional_group,coarse_group,9,nitrogen,sulfur,15,240,0.0625
phenixace-Chem-R-Faithful,functional_group,coarse_group,9,oxygen,nitrogen,14,280,0.05
phenixace-Chem-R-Faithful,functional_group,coarse_group,9,sulfur,nitrogen,11,200,0.055
phenixace-Chem-R-Faithful,functional_group,coarse_group,9,oxygen,sulfur,7,280,0.025
phenixace-Chem-R-Faithful,functional_group,coarse_group,9,oxygen,hydrocarbon,3,280,0.010714
phenixace-Chem-R-Faithful,functional_group,coarse_group,9,halide,sulfur,1,160,0.00625
phenixace-Chem-R-Faithful,functional_group,coarse_group,10,sulfur,oxygen,73,200,0.365
phenixace-Chem-R-Faithful,functional_group,coarse_group,10,nitrogen,oxygen,53,240,0.220833
phenixace-Chem-R-Faithful,functional_group,coarse_group,10,nitrogen,halide,36,240,0.15
phenixace-Chem-R-Faithful,functional_group,coarse_group,10,oxygen,halide,24,280,0.085714
phenixace-Chem-R-Faithful,functional_group,coarse_group,10,nitrogen,sulfur,23,240,0.095833
phenixace-Chem-R-Faithful,functional_group,coarse_group,10,sulfur,halide,21,200,0.105
phenixace-Chem-R-Faithful,functional_group,coarse_group,10,oxygen,nitrogen,13,280,0.046429
phenixace-Chem-R-Faithful,functional_group,coarse_group,10,sulfur,nitrogen,13,200,0.065
phenixace-Chem-R-Faithful,functional_group,coarse_group,10,oxygen,sulfur,11,280,0.039286
phenixace-Chem-R-Faithful,functional_group,coarse_group,10,oxygen,hydrocarbon,3,280,0.010714
phenixace-Chem-R-Faithful,functional_group,coarse_group,11,nitrogen,oxygen,58,240,0.241667
phenixace-Chem-R-Faithful,functional_group,coarse_group,11,sulfur,oxygen,39,200,0.195
phenixace-Chem-R-Faithful,functional_group,coarse_group,11,nitrogen,halide,37,240,0.154167
phenixace-Chem-R-Faithful,functional_group,coarse_group,11,sulfur,halide,34,200,0.17
phenixace-Chem-R-Faithful,functional_group,coarse_group,11,oxygen,halide,26,280,0.092857
phenixace-Chem-R-Faithful,functional_group,coarse_group,11,nitrogen,sulfur,11,240,0.045833
phenixace-Chem-R-Faithful,functional_group,coarse_group,11,oxygen,nitrogen,10,280,0.035714
phenixace-Chem-R-Faithful,functional_group,coarse_group,11,sulfur,nitrogen,10,200,0.05
phenixace-Chem-R-Faithful,functional_group,coarse_group,11,oxygen,sulfur,9,280,0.032143
phenixace-Chem-R-Faithful,functional_group,coarse_group,11,oxygen,hydrocarbon,3,280,0.010714
phenixace-Chem-R-Faithful,functional_group,coarse_group,12,nitrogen,oxygen,75,240,0.3125
phenixace-Chem-R-Faithful,functional_group,coarse_group,12,sulfur,oxygen,40,200,0.2
phenixace-Chem-R-Faithful,functional_group,coarse_group,12,nitrogen,halide,38,240,0.158333
phenixace-Chem-R-Faithful,functional_group,coarse_group,12,sulfur,halide,36,200,0.18
phenixace-Chem-R-Faithful,functional_group,coarse_group,12,oxygen,halide,25,280,0.089286
phenixace-Chem-R-Faithful,functional_group,coarse_group,12,oxygen,sulfur,11,280,0.039286
phenixace-Chem-R-Faithful,functional_group,coarse_group,12,oxygen,nitrogen,9,280,0.032143
phenixace-Chem-R-Faithful,functional_group,coarse_group,12,sulfur,nitrogen,8,200,0.04
phenixace-Chem-R-Faithful,functional_group,coarse_group,12,oxygen,hydrocarbon,2,280,0.007143
phenixace-Chem-R-Faithful,functional_group,coarse_group,12,nitrogen,sulfur,1,240,0.004167
phenixace-Chem-R-Faithful,functional_group,coarse_group,13,nitrogen,oxygen,89,240,0.370833
phenixace-Chem-R-Faithful,functional_group,coarse_group,13,nitrogen,halide,30,240,0.125
phenixace-Chem-R-Faithful,functional_group,coarse_group,13,sulfur,halide,30,200,0.15
phenixace-Chem-R-Faithful,functional_group,coarse_group,13,sulfur,oxygen,29,200,0.145
phenixace-Chem-R-Faithful,functional_group,coarse_group,13,oxygen,sulfur,21,280,0.075
phenixace-Chem-R-Faithful,functional_group,coarse_group,13,sulfur,nitrogen,20,200,0.1
phenixace-Chem-R-Faithful,functional_group,coarse_group,13,oxygen,halide,19,280,0.067857
phenixace-Chem-R-Faithful,functional_group,coarse_group,13,oxygen,nitrogen,16,280,0.057143
phenixace-Chem-R-Faithful,functional_group,coarse_group,13,nitrogen,sulfur,3,240,0.0125
phenixace-Chem-R-Faithful,functional_group,coarse_group,14,nitrogen,oxygen,79,240,0.329167
phenixace-Chem-R-Faithful,functional_group,coarse_group,14,sulfur,nitrogen,26,200,0.13
phenixace-Chem-R-Faithful,functional_group,coarse_group,14,oxygen,sulfur,25,280,0.089286
phenixace-Chem-R-Faithful,functional_group,coarse_group,14,sulfur,oxygen,24,200,0.12
phenixace-Chem-R-Faithful,functional_group,coarse_group,14,sulfur,halide,21,200,0.105
phenixace-Chem-R-Faithful,functional_group,coarse_group,14,nitrogen,halide,20,240,0.083333
phenixace-Chem-R-Faithful,functional_group,coarse_group,14,oxygen,nitrogen,20,280,0.071429
phenixace-Chem-R-Faithful,functional_group,coarse_group,14,oxygen,halide,13,280,0.046429
phenixace-Chem-R-Faithful,functional_group,coarse_group,14,nitrogen,sulfur,10,240,0.041667
phenixace-Chem-R-Faithful,functional_group,coarse_group,15,nitrogen,sulfur,41,240,0.170833
phenixace-Chem-R-Faithful,functional_group,coarse_group,15,nitrogen,halide,38,240,0.158333
phenixace-Chem-R-Faithful,functional_group,coarse_group,15,sulfur,halide,31,200,0.155
phenixace-Chem-R-Faithful,functional_group,coarse_group,15,oxygen,nitrogen,30,280,0.107143
phenixace-Chem-R-Faithful,functional_group,coarse_group,15,oxygen,sulfur,27,280,0.096429
phenixace-Chem-R-Faithful,functional_group,coarse_group,15,sulfur,nitrogen,25,200,0.125
phenixace-Chem-R-Faithful,functional_group,coarse_group,15,nitrogen,oxygen,14,240,0.058333
phenixace-Chem-R-Faithful,functional_group,coarse_group,15,oxygen,halide,13,280,0.046429
phenixace-Chem-R-Faithful,functional_group,coarse_group,15,sulfur,oxygen,11,200,0.055
phenixace-Chem-R-Faithful,functional_group,coarse_group,16,nitrogen,halide,39,240,0.1625
phenixace-Chem-R-Faithful,functional_group,coarse_group,16,oxygen,halide,24,280,0.085714
phenixace-Chem-R-Faithful,functional_group,coarse_group,16,sulfur,halide,24,200,0.12
phenixace-Chem-R-Faithful,functional_group,coarse_group,16,sulfur,nitrogen,22,200,0.11
phenixace-Chem-R-Faithful,functional_group,coarse_group,16,oxygen,nitrogen,16,280,0.057143
phenixace-Chem-R-Faithful,functional_group,coarse_group,16,nitrogen,oxygen,11,240,0.045833
phenixace-Chem-R-Faithful,functional_group,coarse_group,16,sulfur,oxygen,9,200,0.045
phenixace-Chem-R-Faithful,functional_group,coarse_group,16,oxygen,sulfur,3,280,0.010714
phenixace-Chem-R-Faithful,functional_group,coarse_group,16,nitrogen,sulfur,1,240,0.004167
phenixace-Chem-R-Faithful,functional_group,coarse_group,17,nitrogen,halide,35,240,0.145833
phenixace-Chem-R-Faithful,functional_group,coarse_group,17,oxygen,nitrogen,27,280,0.096429
phenixace-Chem-R-Faithful,functional_group,coarse_group,17,oxygen,halide,25,280,0.089286
phenixace-Chem-R-Faithful,functional_group,coarse_group,17,sulfur,halide,17,200,0.085
phenixace-Chem-R-Faithful,functional_group,coarse_group,17,oxygen,sulfur,11,280,0.039286
phenixace-Chem-R-Faithful,functional_group,coarse_group,17,nitrogen,oxygen,9,240,0.0375
phenixace-Chem-R-Faithful,functional_group,coarse_group,17,nitrogen,sulfur,3,240,0.0125
phenixace-Chem-R-Faithful,functional_group,coarse_group,17,sulfur,hydrocarbon,3,200,0.015
phenixace-Chem-R-Faithful,functional_group,coarse_group,17,sulfur,nitrogen,3,200,0.015
phenixace-Chem-R-Faithful,functional_group,coarse_group,17,sulfur,oxygen,1,200,0.005
phenixace-Chem-R-Faithful,functional_group,coarse_group,18,nitrogen,halide,9,240,0.0375
phenixace-Chem-R-Faithful,functional_group,coarse_group,18,sulfur,halide,5,200,0.025
phenixace-Chem-R-Faithful,functional_group,coarse_group,18,oxygen,nitrogen,4,280,0.014286
phenixace-Chem-R-Faithful,functional_group,coarse_group,18,oxygen,sulfur,4,280,0.014286
phenixace-Chem-R-Faithful,functional_group,coarse_group,18,sulfur,hydrocarbon,4,200,0.02
phenixace-Chem-R-Faithful,functional_group,coarse_group,18,sulfur,oxygen,2,200,0.01
phenixace-Chem-R-Faithful,functional_group,coarse_group,18,nitrogen,oxygen,1,240,0.004167
phenixace-Chem-R-Faithful,functional_group,coarse_group,18,nitrogen,sulfur,1,240,0.004167
phenixace-Chem-R-Faithful,functional_group,coarse_group,18,oxygen,halide,1,280,0.003571
phenixace-Chem-R-Faithful,functional_group,coarse_group,19,sulfur,hydrocarbon,6,200,0.03
phenixace-Chem-R-Faithful,functional_group,coarse_group,19,oxygen,nitrogen,5,280,0.017857
phenixace-Chem-R-Faithful,functional_group,coarse_group,19,nitrogen,halide,2,240,0.008333
phenixace-Chem-R-Faithful,functional_group,coarse_group,19,sulfur,halide,2,200,0.01
phenixace-Chem-R-Faithful,functional_group,coarse_group,19,oxygen,sulfur,1,280,0.003571
phenixace-Chem-R-Faithful,functional_group,coarse_group,20,oxygen,nitrogen,8,280,0.028571
phenixace-Chem-R-Faithful,functional_group,coarse_group,20,nitrogen,halide,7,240,0.029167
phenixace-Chem-R-Faithful,functional_group,coarse_group,20,sulfur,hydrocarbon,6,200,0.03
phenixace-Chem-R-Faithful,functional_group,coarse_group,20,sulfur,halide,2,200,0.01
phenixace-Chem-R-Faithful,functional_group,coarse_group,20,oxygen,sulfur,1,280,0.003571
phenixace-Chem-R-Faithful,functional_group,coarse_group,21,nitrogen,halide,19,240,0.079167
phenixace-Chem-R-Faithful,functional_group,coarse_group,21,oxygen,nitrogen,7,280,0.025
phenixace-Chem-R-Faithful,functional_group,coarse_group,21,sulfur,hydrocarbon,6,200,0.03
phenixace-Chem-R-Faithful,functional_group,coarse_group,21,oxygen,hydrocarbon,1,280,0.003571
phenixace-Chem-R-Faithful,functional_group,coarse_group,22,nitrogen,oxygen,12,240,0.05
phenixace-Chem-R-Faithful,functional_group,coarse_group,22,nitrogen,halide,11,240,0.045833
phenixace-Chem-R-Faithful,functional_group,coarse_group,22,oxygen,nitrogen,7,280,0.025
phenixace-Chem-R-Faithful,functional_group,coarse_group,22,sulfur,hydrocarbon,6,200,0.03
phenixace-Chem-R-Faithful,functional_group,coarse_group,22,oxygen,halide,1,280,0.003571
phenixace-Chem-R-Faithful,functional_group,coarse_group,22,oxygen,hydrocarbon,1,280,0.003571
phenixace-Chem-R-Faithful,functional_group,coarse_group,23,nitrogen,halide,16,240,0.066667
phenixace-Chem-R-Faithful,functional_group,coarse_group,23,nitrogen,oxygen,11,240,0.045833
phenixace-Chem-R-Faithful,functional_group,coarse_group,23,oxygen,nitrogen,7,280,0.025
phenixace-Chem-R-Faithful,functional_group,coarse_group,23,sulfur,hydrocarbon,7,200,0.035
phenixace-Chem-R-Faithful,functional_group,coarse_group,24,nitrogen,oxygen,18,240,0.075
phenixace-Chem-R-Faithful,functional_group,coarse_group,24,nitrogen,halide,17,240,0.070833
phenixace-Chem-R-Faithful,functional_group,coarse_group,24,oxygen,nitrogen,7,280,0.025
phenixace-Chem-R-Faithful,functional_group,coarse_group,24,sulfur,hydrocarbon,6,200,0.03
phenixace-Chem-R-Faithful,functional_group,coarse_group,25,nitrogen,oxygen,30,240,0.125
phenixace-Chem-R-Faithful,functional_group,coarse_group,25,nitrogen,halide,12,240,0.05
phenixace-Chem-R-Faithful,functional_group,coarse_group,25,oxygen,nitrogen,12,280,0.042857
phenixace-Chem-R-Faithful,functional_group,coarse_group,25,sulfur,hydrocarbon,6,200,0.03
phenixace-Chem-R-Faithful,functional_group,coarse_group,26,nitrogen,oxygen,47,240,0.195833
phenixace-Chem-R-Faithful,functional_group,coarse_group,26,oxygen,nitrogen,15,280,0.053571
phenixace-Chem-R-Faithful,functional_group,coarse_group,26,sulfur,hydrocarbon,6,200,0.03
phenixace-Chem-R-Faithful,functional_group,coarse_group,26,nitrogen,halide,3,240,0.0125
phenixace-Chem-R-Faithful,functional_group,coarse_group,26,oxygen,halide,2,280,0.007143
phenixace-Chem-R-Faithful,functional_group,coarse_group,26,oxygen,hydrocarbon,1,280,0.003571
phenixace-Chem-R-Faithful,functional_group,coarse_group,26,sulfur,oxygen,1,200,0.005
phenixace-Chem-R-Faithful,functional_group,coarse_group,27,nitrogen,oxygen,48,240,0.2
phenixace-Chem-R-Faithful,functional_group,coarse_group,27,oxygen,nitrogen,18,280,0.064286
phenixace-Chem-R-Faithful,functional_group,coarse_group,27,nitrogen,halide,7,240,0.029167
phenixace-Chem-R-Faithful,functional_group,coarse_group,27,sulfur,hydrocarbon,6,200,0.03
phenixace-Chem-R-Faithful,functional_group,coarse_group,27,oxygen,hydrocarbon,1,280,0.003571
phenixace-Chem-R-Faithful,functional_group,coarse_group,27,sulfur,oxygen,1,200,0.005
phenixace-Chem-R-Faithful,functional_group,coarse_group,28,nitrogen,oxygen,52,240,0.216667
phenixace-Chem-R-Faithful,functional_group,coarse_group,28,oxygen,nitrogen,6,280,0.021429
phenixace-Chem-R-Faithful,functional_group,coarse_group,28,sulfur,hydrocarbon,6,200,0.03
phenixace-Chem-R-Faithful,functional_group,coarse_group,28,nitrogen,halide,2,240,0.008333
phenixace-Chem-R-Faithful,functional_group,coarse_group,28,oxygen,halide,1,280,0.003571
phenixace-Chem-R-Faithful,functional_group,coarse_group,28,oxygen,hydrocarbon,1,280,0.003571
phenixace-Chem-R-Faithful,functional_group,coarse_group,28,sulfur,oxygen,1,200,0.005
phenixace-Chem-R-Faithful,functional_group,coarse_group,29,nitrogen,oxygen,65,240,0.270833
phenixace-Chem-R-Faithful,functional_group,coarse_group,29,oxygen,halide,6,280,0.021429
phenixace-Chem-R-Faithful,functional_group,coarse_group,29,sulfur,hydrocarbon,6,200,0.03
phenixace-Chem-R-Faithful,functional_group,coarse_group,29,oxygen,nitrogen,5,280,0.017857
phenixace-Chem-R-Faithful,functional_group,coarse_group,29,sulfur,oxygen,2,200,0.01
phenixace-Chem-R-Faithful,functional_group,coarse_group,29,oxygen,hydrocarbon,1,280,0.003571
phenixace-Chem-R-Faithful,functional_group,coarse_group,29,sulfur,halide,1,200,0.005
phenixace-Chem-R-Faithful,functional_group,coarse_group,30,nitrogen,oxygen,44,240,0.183333
phenixace-Chem-R-Faithful,functional_group,coarse_group,30,sulfur,hydrocarbon,6,200,0.03
phenixace-Chem-R-Faithful,functional_group,coarse_group,30,oxygen,halide,5,280,0.017857
phenixace-Chem-R-Faithful,functional_group,coarse_group,30,oxygen,nitrogen,5,280,0.017857
phenixace-Chem-R-Faithful,functional_group,coarse_group,30,sulfur,oxygen,2,200,0.01
phenixace-Chem-R-Faithful,functional_group,coarse_group,30,sulfur,halide,1,200,0.005
phenixace-Chem-R-Faithful,functional_group,coarse_group,31,nitrogen,oxygen,20,240,0.083333
phenixace-Chem-R-Faithful,functional_group,coarse_group,31,oxygen,nitrogen,5,280,0.017857
phenixace-Chem-R-Faithful,functional_group,coarse_group,31,sulfur,hydrocarbon,5,200,0.025
phenixace-Chem-R-Faithful,functional_group,coarse_group,31,oxygen,halide,4,280,0.014286
phenixace-Chem-R-Faithful,functional_group,coarse_group,31,sulfur,oxygen,1,200,0.005
