model,entity_type,layer,n_total_errors,n_nitrogen_to_oxygen,share_nitrogen_to_oxygen
OpenDFM-ChemDFM-v1.5-8B,functional_group,0,419,102,0.243437
OpenDFM-ChemDFM-v1.5-8B,functional_group,1,360,119,0.330556
OpenDFM-ChemDFM-v1.5-8B,functional_group,2,363,115,0.316804
OpenDFM-ChemDFM-v1.5-8B,functional_group,3,284,96,0.338028
OpenDFM-ChemDFM-v1.5-8B,functional_group,4,261,82,0.314176
OpenDFM-ChemDFM-v1.5-8B,functional_group,5,260,63,0.242308
OpenDFM-ChemDFM-v1.5-8B,functional_group,6,259,57,0.220077
OpenDFM-ChemDFM-v1.5-8B,functional_group,7,267,57,0.213483
OpenDFM-ChemDFM-v1.5-8B,functional_group,8,265,73,0.275472
OpenDFM-ChemDFM-v1.5-8B,functional_group,9,260,67,0.257692
OpenDFM-ChemDFM-v1.5-8B,functional_group,10,238,65,0.273109
OpenDFM-ChemDFM-v1.5-8B,functional_group,11,234,63,0.269231
OpenDFM-ChemDFM-v1.5-8B,functional_group,12,223,72,0.32287
OpenDFM-ChemDFM-v1.5-8B,functional_group,13,226,65,0.287611
OpenDFM-ChemDFM-v1.5-8B,functional_group,14,223,55,0.246637
OpenDFM-ChemDFM-v1.5-8B,functional_group,15,191,31,0.162304
OpenDFM-ChemDFM-v1.5-8B,functional_group,16,104,17,0.163462
OpenDFM-ChemDFM-v1.5-8B,functional_group,17,124,24,0.193548
OpenDFM-ChemDFM-v1.5-8B,functional_group,18,90,13,0.144444
OpenDFM-ChemDFM-v1.5-8B,functional_group,19,20,1,0.05
OpenDFM-ChemDFM-v1.5-8B,functional_group,20,14,2,0.142857
OpenDFM-ChemDFM-v1.5-8B,functional_group,21,6,3,0.5
OpenDFM-ChemDFM-v1.5-8B,functional_group,22,26,21,0.807692
OpenDFM-ChemDFM-v1.5-8B,functional_group,23,34,23,0.676471
OpenDFM-ChemDFM-v1.5-8B,functional_group,24,28,19,0.678571
OpenDFM-ChemDFM-v1.5-8B,functional_group,25,30,18,0.6
OpenDFM-ChemDFM-v1.5-8B,functional_group,26,32,20,0.625
OpenDFM-ChemDFM-v1.5-8B,functional_group,27,35,23,0.657143
OpenDFM-ChemDFM-v1.5-8B,functional_group,28,38,29,0.763158
OpenDFM-ChemDFM-v1.5-8B,functional_group,29,41,31,0.756098
OpenDFM-ChemDFM-v1.5-8B,functional_group,30,42,28,0.666667
OpenDFM-ChemDFM-v1.5-8B,functional_group,31,44,31,0.704545
deepseek-ai-DeepSeek-R1-Distill-Llama-8B,functional_group,0,448,103,0.229911
deepseek-ai-DeepSeek-R1-Distill-Llama-8B,functional_group,1,462,105,0.227273
deepseek-ai-DeepSeek-R1-Distill-Llama-8B,functional_group,2,452,113,0.25
deepseek-ai-DeepSeek-R1-Distill-Llama-8B,functional_group,3,395,135,0.341772
deepseek-ai-DeepSeek-R1-Distill-Llama-8B,functional_group,4,370,126,0.340541
deepseek-ai-DeepSeek-R1-Distill-Llama-8B,functional_group,5,355,125,0.352113
deepseek-ai-DeepSeek-R1-Distill-Llama-8B,functional_group,6,323,104,0.321981
deepseek-ai-DeepSeek-R1-Distill-Llama-8B,functional_group,7,327,104,0.318043
deepseek-ai-DeepSeek-R1-Distill-Llama-8B,functional_group,8,344,112,0.325581
deepseek-ai-DeepSeek-R1-Distill-Llama-8B,functional_group,9,340,110,0.323529
deepseek-ai-DeepSeek-R1-Distill-Llama-8B,functional_group,10,335,107,0.319403
deepseek-ai-DeepSeek-R1-Distill-Llama-8B,functional_group,11,344,107,0.311047
deepseek-ai-DeepSeek-R1-Distill-Llama-8B,functional_group,12,312,95,0.304487
deepseek-ai-DeepSeek-R1-Distill-Llama-8B,functional_group,13,322,96,0.298137
deepseek-ai-DeepSeek-R1-Distill-Llama-8B,functional_group,14,306,91,0.297386
deepseek-ai-DeepSeek-R1-Distill-Llama-8B,functional_group,15,285,84,0.294737
deepseek-ai-DeepSeek-R1-Distill-Llama-8B,functional_group,16,132,53,0.401515
deepseek-ai-DeepSeek-R1-Distill-Llama-8B,functional_group,17,148,44,0.297297
deepseek-ai-DeepSeek-R1-Distill-Llama-8B,functional_group,18,100,37,0.37
deepseek-ai-DeepSeek-R1-Distill-Llama-8B,functional_group,19,51,26,0.509804
deepseek-ai-DeepSeek-R1-Distill-Llama-8B,functional_group,20,47,21,0.446809
deepseek-ai-DeepSeek-R1-Distill-Llama-8B,functional_group,21,40,25,0.625
deepseek-ai-DeepSeek-R1-Distill-Llama-8B,functional_group,22,51,38,0.745098
deepseek-ai-DeepSeek-R1-Distill-Llama-8B,functional_group,23,66,46,0.69697
deepseek-ai-DeepSeek-R1-Distill-Llama-8B,functional_group,24,51,35,0.686275
deepseek-ai-DeepSeek-R1-Distill-Llama-8B,functional_group,25,46,34,0.73913
deepseek-ai-DeepSeek-R1-Distill-Llama-8B,functional_group,26,46,35,0.76087
deepseek-ai-DeepSeek-R1-Distill-Llama-8B,functional_group,27,51,40,0.784314
deepseek-ai-DeepSeek-R1-Distill-Llama-8B,functional_group,28,43,32,0.744186
deepseek-ai-DeepSeek-R1-Distill-Llama-8B,functional_group,29,37,28,0.756757
deepseek-ai-DeepSeek-R1-Distill-Llama-8B,functional_group,30,38,33,0.868421
deepseek-ai-DeepSeek-R1-Distill-Llama-8B,functional_group,31,41,37,0.902439
meta-llama-Llama-3.1-8B,functional_group,0,483,81,0.167702
meta-llama-Llama-3.1-8B,functional_group,1,460,147,0.319565
meta-llama-Llama-3.1-8B,functional_group,2,518,153,0.295367
meta-llama-Llama-3.1-8B,functional_group,3,429,110,0.25641
meta-llama-Llama-3.1-8B,functional_group,4,374,94,0.251337
meta-llama-Llama-3.1-8B,functional_group,5,365,83,0.227397
meta-llama-Llama-3.1-8B,functional_group,6,363,75,0.206612
meta-llama-Llama-3.1-8B,functional_group,7,367,108,0.294278
meta-llama-Llama-3.1-8B,functional_group,8,351,98,0.279202
meta-llama-Llama-3.1-8B,functional_group,9,309,85,0.275081
meta-llama-Llama-3.1-8B,functional_group,10,305,91,0.298361
meta-llama-Llama-3.1-8B,functional_group,11,275,67,0.243636
meta-llama-Llama-3.1-8B,functional_group,12,238,44,0.184874
meta-llama-Llama-3.1-8B,functional_group,13,226,45,0.199115
meta-llama-Llama-3.1-8B,functional_group,14,212,24,0.113208
meta-llama-Llama-3.1-8B,functional_group,15,191,17,0.089005
meta-llama-Llama-3.1-8B,functional_group,16,78,16,0.205128
meta-llama-Llama-3.1-8B,functional_group,17,61,10,0.163934
meta-llama-Llama-3.1-8B,functional_group,18,44,7,0.159091
meta-llama-Llama-3.1-8B,functional_group,19,24,0,0.0
meta-llama-Llama-3.1-8B,functional_group,20,20,0,0.0
meta-llama-Llama-3.1-8B,functional_group,21,4,0,0.0
meta-llama-Llama-3.1-8B,functional_group,22,5,2,0.4
meta-llama-Llama-3.1-8B,functional_group,23,5,1,0.2
meta-llama-Llama-3.1-8B,functional_group,24,2,0,0.0
meta-llama-Llama-3.1-8B,functional_group,25,1,0,0.0
meta-llama-Llama-3.1-8B,functional_group,26,2,0,0.0
meta-llama-Llama-3.1-8B,functional_group,27,2,0,0.0
meta-llama-Llama-3.1-8B,functional_group,28,2,0,0.0
meta-llama-Llama-3.1-8B,functional_group,29,0,0,
meta-llama-Llama-3.1-8B,functional_group,30,0,0,
meta-llama-Llama-3.1-8B,functional_group,31,2,0,0.0
phenixace-Chem-R-Faithful,functional_group,0,432,74,0.171296
phenixace-Chem-R-Faithful,functional_group,1,339,89,0.262537
phenixace-Chem-R-Faithful,functional_group,2,346,79,0.228324
phenixace-Chem-R-Faithful,functional_group,3,299,66,0.220736
phenixace-Chem-R-Faithful,functional_group,4,282,52,0.184397
phenixace-Chem-R-Faithful,functional_group,5,292,74,0.253425
phenixace-Chem-R-Faithful,functional_group,6,279,78,0.27957
phenixace-Chem-R-Faithful,functional_group,7,306,95,0.310458
phenixace-Chem-R-Faithful,functional_group,8,301,79,0.262458
phenixace-Chem-R-Faithful,functional_group,9,292,73,0.25
phenixace-Chem-R-Faithful,functional_group,10,270,53,0.196296
phenixace-Chem-R-Faithful,functional_group,11,237,58,0.244726
phenixace-Chem-R-Faithful,functional_group,12,245,75,0.306122
phenixace-Chem-R-Faithful,functional_group,13,257,89,0.346304
phenixace-Chem-R-Faithful,functional_group,14,238,79,0.331933
phenixace-Chem-R-Faithful,functional_group,15,230,14,0.06087
phenixace-Chem-R-Faithful,functional_group,16,149,11,0.073826
phenixace-Chem-R-Faithful,functional_group,17,134,9,0.067164
phenixace-Chem-R-Faithful,functional_group,18,31,1,0.032258
phenixace-Chem-R-Faithful,functional_group,19,16,0,0.0
phenixace-Chem-R-Faithful,functional_group,20,24,0,0.0
phenixace-Chem-R-Faithful,functional_group,21,33,0,0.0
phenixace-Chem-R-Faithful,functional_group,22,38,12,0.315789
phenixace-Chem-R-Faithful,functional_group,23,41,11,0.268293
phenixace-Chem-R-Faithful,functional_group,24,48,18,0.375
phenixace-Chem-R-Faithful,functional_group,25,60,30,0.5
phenixace-Chem-R-Faithful,functional_group,26,75,47,0.626667
phenixace-Chem-R-Faithful,functional_group,27,81,48,0.592593
phenixace-Chem-R-Faithful,functional_group,28,69,52,0.753623
phenixace-Chem-R-Faithful,functional_group,29,86,65,0.755814
phenixace-Chem-R-Faithful,functional_group,30,63,44,0.698413
phenixace-Chem-R-Faithful,functional_group,31,35,20,0.571429
weidawang-Chem-R-8B,functional_group,0,445,81,0.182022
weidawang-Chem-R-8B,functional_group,1,361,91,0.252078
weidawang-Chem-R-8B,functional_group,2,364,80,0.21978
weidawang-Chem-R-8B,functional_group,3,302,75,0.248344
weidawang-Chem-R-8B,functional_group,4,285,61,0.214035
weidawang-Chem-R-8B,functional_group,5,296,83,0.280405
weidawang-Chem-R-8B,functional_group,6,285,81,0.284211
weidawang-Chem-R-8B,functional_group,7,285,83,0.291228
weidawang-Chem-R-8B,functional_group,8,292,71,0.243151
weidawang-Chem-R-8B,functional_group,9,287,73,0.254355
weidawang-Chem-R-8B,functional_group,10,283,66,0.233216
weidawang-Chem-R-8B,functional_group,11,258,74,0.286822
weidawang-Chem-R-8B,functional_group,12,250,77,0.308
weidawang-Chem-R-8B,functional_group,13,268,93,0.347015
weidawang-Chem-R-8B,functional_group,14,248,84,0.33871
weidawang-Chem-R-8B,functional_group,15,233,7,0.030043
weidawang-Chem-R-8B,functional_group,16,122,4,0.032787
weidawang-Chem-R-8B,functional_group,17,123,3,0.02439
weidawang-Chem-R-8B,functional_group,18,49,0,0.0
weidawang-Chem-R-8B,functional_group,19,20,0,0.0
weidawang-Chem-R-8B,functional_group,20,30,0,0.0
weidawang-Chem-R-8B,functional_group,21,35,0,0.0
weidawang-Chem-R-8B,functional_group,22,31,5,0.16129
weidawang-Chem-R-8B,functional_group,23,39,7,0.179487
weidawang-Chem-R-8B,functional_group,24,44,8,0.181818
weidawang-Chem-R-8B,functional_group,25,49,14,0.285714
weidawang-Chem-R-8B,functional_group,26,52,27,0.519231
weidawang-Chem-R-8B,functional_group,27,50,23,0.46
weidawang-Chem-R-8B,functional_group,28,45,28,0.622222
weidawang-Chem-R-8B,functional_group,29,49,41,0.836735
weidawang-Chem-R-8B,functional_group,30,36,23,0.638889
weidawang-Chem-R-8B,functional_group,31,18,7,0.388889
