model,short,entity_type,outcome,n_groups,split_half_rho,spearman_brown,interpretable
meta-llama-Llama-3.1-8B,base,functional_group,strict,20,0.771184,0.870812,1
meta-llama-Llama-3.1-8B,base,functional_group,superclass_credit,20,0.616844,0.763022,1
meta-llama-Llama-3.1-8B,base,functional_group,commit,20,0.599092,0.749291,1
meta-llama-Llama-3.1-8B,base,functional_group,conditional_acc,20,0.722266,0.838739,1
meta-llama-Llama-3.1-8B,base,functional_group,underspecified,20,0.708245,0.829207,1
meta-llama-Llama-3.1-8B,base,functional_group,non_answer,20,0.570896,0.726841,1
meta-llama-Llama-3.1-8B,base,functional_group,malformed,20,0.240385,0.387597,0
weidawang-Chem-R-8B,chem-r,functional_group,strict,20,0.156714,0.270964,0
weidawang-Chem-R-8B,chem-r,functional_group,superclass_credit,20,0.173169,0.295216,0
weidawang-Chem-R-8B,chem-r,functional_group,commit,20,0.137926,0.242416,0
weidawang-Chem-R-8B,chem-r,functional_group,conditional_acc,20,-0.113822,-0.256883,0
weidawang-Chem-R-8B,chem-r,functional_group,underspecified,20,-0.139424,-0.324026,0
weidawang-Chem-R-8B,chem-r,functional_group,non_answer,20,0.180572,0.305906,0
weidawang-Chem-R-8B,chem-r,functional_group,malformed,20,,,0
phenixace-Chem-R-Faithful,chem,functional_group,strict,20,0.657468,0.79334,1
phenixace-Chem-R-Faithful,chem,functional_group,superclass_credit,20,0.19098,0.32071,0
phenixace-Chem-R-Faithful,chem,functional_group,commit,20,0.606518,0.755072,1
phenixace-Chem-R-Faithful,chem,functional_group,conditional_acc,19,,,0
phenixace-Chem-R-Faithful,chem,functional_group,underspecified,20,0.848464,0.918021,1
phenixace-Chem-R-Faithful,chem,functional_group,non_answer,20,-0.019158,-0.039064,0
phenixace-Chem-R-Faithful,chem,functional_group,malformed,20,,,0
OpenDFM-ChemDFM-v1.5-8B,chemdfm,functional_group,strict,20,0.33485,0.501705,1
OpenDFM-ChemDFM-v1.5-8B,chemdfm,functional_group,superclass_credit,20,0.53876,0.700252,1
OpenDFM-ChemDFM-v1.5-8B,chemdfm,functional_group,commit,20,0.436406,0.607636,1
OpenDFM-ChemDFM-v1.5-8B,chemdfm,functional_group,conditional_acc,20,0.455436,0.625842,1
OpenDFM-ChemDFM-v1.5-8B,chemdfm,functional_group,underspecified,20,0.662761,0.797181,1
OpenDFM-ChemDFM-v1.5-8B,chemdfm,functional_group,non_answer,20,0.65234,0.789595,1
OpenDFM-ChemDFM-v1.5-8B,chemdfm,functional_group,malformed,20,,,0
deepseek-ai-DeepSeek-R1-Distill-Llama-8B,reason,functional_group,strict,20,0.874527,0.933064,1
deepseek-ai-DeepSeek-R1-Distill-Llama-8B,reason,functional_group,superclass_credit,20,0.835894,0.910612,1
deepseek-ai-DeepSeek-R1-Distill-Llama-8B,reason,functional_group,commit,20,0.806958,0.893167,1
deepseek-ai-DeepSeek-R1-Distill-Llama-8B,reason,functional_group,conditional_acc,20,0.417523,0.589088,1
deepseek-ai-DeepSeek-R1-Distill-Llama-8B,reason,functional_group,underspecified,20,0.840493,0.913335,1
deepseek-ai-DeepSeek-R1-Distill-Llama-8B,reason,functional_group,non_answer,20,0.559739,0.717735,1
deepseek-ai-DeepSeek-R1-Distill-Llama-8B,reason,functional_group,malformed,20,0.249382,0.399209,0
