model,entity_type,layer,depth,raw_pairwise_cos,cent_within,cent_between,cent_gap,n_templates,n_points,tsne_verdict,diffvec_cumvar_k1,diffvec_cumvar_k2,diffvec_cumvar_k3,diffvec_cumvar_k5,diffvec_cumvar_k10
meta-llama-Llama-3.1-8B,avg_carbon_oxidation_state,0,0.0,0.9926987713282038,0.7636096718018515,-0.000982514416023815,0.7645921862178753,11,1012,,0.619987964630127,0.7327300906181335,0.8283858299255371,0.9115204811096191,0.9637116193771362
meta-llama-Llama-3.1-8B,avg_carbon_oxidation_state,8,0.2581,0.987942985923337,0.6082245655027995,-0.03457050983240805,0.6427950753352075,11,1012,,0.5804547667503357,0.6539056301116943,0.7129251956939697,0.7987858653068542,0.8904152512550354
meta-llama-Llama-3.1-8B,avg_carbon_oxidation_state,16,0.5161,0.9721438222477098,0.7030740764580274,-0.042264036640881915,0.7453381130989094,11,1012,mixed,0.6043896079063416,0.6848414540290833,0.7356349229812622,0.7998736500740051,0.8972421288490295
meta-llama-Llama-3.1-8B,avg_carbon_oxidation_state,24,0.7742,0.9198947772419287,0.7604111448714608,-0.04369478933799735,0.8041059342094581,11,1012,,0.6328873038291931,0.7211579084396362,0.7946721315383911,0.8541519641876221,0.9296631217002869
meta-llama-Llama-3.1-8B,avg_carbon_oxidation_state,31,1.0,0.9785230974375319,0.717840841726253,-0.04254750091482168,0.7603883426410747,11,1012,,0.726950466632843,0.8012558221817017,0.8369132280349731,0.8898507356643677,0.9443220496177673
meta-llama-Llama-3.1-8B,avg_carbon_oxidation_state question,0,0.0,0.9743216033905702,0.6945915620839387,-0.0034403710492316823,0.6980319331331704,11,1012,,0.5068596005439758,0.6965523958206177,0.8063200116157532,0.8862699270248413,0.9556682705879211
meta-llama-Llama-3.1-8B,avg_carbon_oxidation_state question,8,0.2581,0.9817011644124871,0.6342086841662725,-0.0336403312986172,0.6678490154648897,11,1012,,0.5757999420166016,0.6695289611816406,0.7295102477073669,0.8238963484764099,0.9106062054634094
meta-llama-Llama-3.1-8B,avg_carbon_oxidation_state question,16,0.5161,0.98108570798128,0.6542346237652135,-0.036718082236599454,0.6909527060018129,11,1012,,0.72122722864151,0.7881653904914856,0.8441455960273743,0.8957669138908386,0.9529467225074768
meta-llama-Llama-3.1-8B,avg_carbon_oxidation_state question,24,0.7742,0.983314350681674,0.6769618549090075,-0.03772414593509489,0.7146860008441024,11,1012,,0.7298622727394104,0.7922446727752686,0.8481290340423584,0.9006633162498474,0.9520863890647888
meta-llama-Llama-3.1-8B,avg_carbon_oxidation_state question,31,1.0,0.9832018303261724,0.6447210149806842,-0.033409887868391074,0.6781309028490753,11,1012,,0.6820278167724609,0.746304988861084,0.7927597761154175,0.8548175096511841,0.9310392141342163
meta-llama-Llama-3.1-8B,boiling_point_c,0,0.0,0.9909765198648802,0.7425667586033804,-0.007531532495959893,0.7500982910993403,9,828,,0.6202626824378967,0.7264798879623413,0.8286246657371521,0.9086182713508606,0.9619960188865662
meta-llama-Llama-3.1-8B,boiling_point_c,8,0.2581,0.9813639629957953,0.48099074035621525,-0.03290237762047321,0.5138931179766885,9,828,,0.5933592319488525,0.6727795004844666,0.7293398976325989,0.8004845976829529,0.8866703510284424
meta-llama-Llama-3.1-8B,boiling_point_c,16,0.5161,0.9285686422322734,0.5929158014294348,-0.03716658585186951,0.6300823872813043,9,828,,0.6505882740020752,0.7343671917915344,0.7859146595001221,0.8477814793586731,0.9242498874664307
meta-llama-Llama-3.1-8B,boiling_point_c,24,0.7742,0.7250757166645029,0.08725033528549318,-0.015770895118607794,0.10302123040410098,9,828,,0.5358635783195496,0.6761525869369507,0.764159083366394,0.8580409288406372,0.9323187470436096
meta-llama-Llama-3.1-8B,boiling_point_c,31,1.0,0.9222681660203346,0.4859593964984493,-0.022643449942399075,0.5086028464408484,9,828,,0.950977623462677,0.9635579586029053,0.9715615510940552,0.9816760420799255,0.9911625385284424
meta-llama-Llama-3.1-8B,boiling_point_c question,0,0.0,0.9659196940325004,0.7234566857417425,-0.0005541863891051578,0.7240108721308477,9,828,,0.4978537857532501,0.7218613028526306,0.8243393301963806,0.8953010439872742,0.9585473537445068
meta-llama-Llama-3.1-8B,boiling_point_c question,8,0.2581,0.972526529119508,0.5948175678127691,-0.0334534064540498,0.6282709742668189,9,828,,0.5062596201896667,0.6110929846763611,0.6901645064353943,0.8007057309150696,0.8974210023880005
meta-llama-Llama-3.1-8B,boiling_point_c question,16,0.5161,0.9762829624176936,0.6046841469707719,-0.0313927422270013,0.6360768891977732,9,828,,0.6643068194389343,0.7646682262420654,0.8245896697044373,0.8889085054397583,0.9470854997634888
meta-llama-Llama-3.1-8B,boiling_point_c question,24,0.7742,0.9792732886161978,0.6201545901580208,-0.030733607881584194,0.650888198039605,9,828,,0.6903713345527649,0.7937499284744263,0.8458272814750671,0.8988286852836609,0.9525744318962097
meta-llama-Llama-3.1-8B,boiling_point_c question,31,1.0,0.9773464373891797,0.578072121689043,-0.03017275375381285,0.6082448754428559,9,828,,0.6107365489006042,0.7213508486747742,0.7725623846054077,0.8352534174919128,0.9191227555274963
meta-llama-Llama-3.1-8B,functional_group,0,0.0,0.9902608369562083,0.7394073493125146,-0.007718323110566416,0.747125672423081,10,920,,0.6130459308624268,0.7247016429901123,0.8282099366188049,0.9083448052406311,0.9623592495918274
meta-llama-Llama-3.1-8B,functional_group,8,0.2581,0.9651352546884862,0.6712642537854743,-0.036490012638527684,0.707754266424002,10,920,,0.6196303367614746,0.7160874605178833,0.7673893570899963,0.8398764133453369,0.9101224541664124
meta-llama-Llama-3.1-8B,functional_group,16,0.5161,0.9433172141970257,0.6953597168127695,-0.04159211560633131,0.7369518324191009,10,920,mixed,0.6075779795646667,0.7098373770713806,0.7597699165344238,0.8169718384742737,0.9062157869338989
meta-llama-Llama-3.1-8B,functional_group,24,0.7742,0.8561416477377883,0.8272988874661295,-0.047672392680752046,0.8749712801468815,10,920,,0.5257323980331421,0.6503130197525024,0.72212153673172,0.8173994421958923,0.9119724035263062
meta-llama-Llama-3.1-8B,functional_group,31,1.0,0.9427048246284108,0.8170263011727417,-0.04619987149333461,0.8632261726660763,10,920,,0.48005637526512146,0.5921190977096558,0.6779304146766663,0.7741125822067261,0.8780801892280579
meta-llama-Llama-3.1-8B,functional_group question,0,0.0,0.9685977115422644,0.711932061403467,-0.00037719774467915527,0.7123092591481461,10,920,,0.500855028629303,0.7159899473190308,0.822295606136322,0.8940634727478027,0.9572811722755432
meta-llama-Llama-3.1-8B,functional_group question,8,0.2581,0.9754292557556209,0.631164018783653,-0.03454042318875434,0.6657044419724074,10,920,,0.5774410367012024,0.6613646745681763,0.7242292165756226,0.8235076069831848,0.9076411724090576
meta-llama-Llama-3.1-8B,functional_group question,16,0.5161,0.9812155737725389,0.625832097114701,-0.034433780874460564,0.6602658779891616,10,920,,0.5440916419029236,0.6697394847869873,0.7743529081344604,0.8454998731613159,0.9230819344520569
meta-llama-Llama-3.1-8B,functional_group question,24,0.7742,0.98049485850038,0.7046826372347903,-0.03995717151030465,0.7446398087450949,10,920,,0.5456138253211975,0.6519307494163513,0.7485262155532837,0.819684624671936,0.914604663848877
meta-llama-Llama-3.1-8B,functional_group question,31,1.0,0.9784867909896675,0.669458784489778,-0.03780338505423156,0.7072621695440096,10,920,,0.5227423310279846,0.6280927062034607,0.7108875513076782,0.7840788960456848,0.8855175375938416
meta-llama-Llama-3.1-8B,functional_group_structure,0,0.0,0.9891132138957831,0.7564111749331156,-0.01434774643446776,0.7707589213675834,7,644,,0.6082441210746765,0.7194046974182129,0.8218011856079102,0.9021204710006714,0.9607032537460327
meta-llama-Llama-3.1-8B,functional_group_structure,8,0.2581,0.963646134148929,0.6617779335366529,-0.03524065869148392,0.6970185922281369,7,644,,0.6324344277381897,0.7289077043533325,0.7762341499328613,0.849220871925354,0.9217458367347717
meta-llama-Llama-3.1-8B,functional_group_structure,16,0.5161,0.9417729770174678,0.6594027303682085,-0.0394948525724739,0.6988975829406824,7,644,,0.632018506526947,0.729989230632782,0.7874927520751953,0.8467528223991394,0.9167613983154297
meta-llama-Llama-3.1-8B,functional_group_structure,24,0.7742,0.8867390734324658,0.7680790105409789,-0.0448206777960978,0.8128996883370767,7,644,,0.5717415809631348,0.6979199647903442,0.7563440799713135,0.8307926654815674,0.9169372916221619
meta-llama-Llama-3.1-8B,functional_group_structure,31,1.0,0.9499652020764932,0.784729840201244,-0.0424942424425082,0.8272240826437522,7,644,,0.5557709336280823,0.6618219017982483,0.7360337972640991,0.8103888034820557,0.8970710635185242
meta-llama-Llama-3.1-8B,functional_group_structure question,0,0.0,0.9648273011827035,0.7092095984701525,-0.0010476247740126377,0.7102572232441652,7,644,,0.47788339853286743,0.7154791951179504,0.8182981610298157,0.8900144100189209,0.9561018347740173
meta-llama-Llama-3.1-8B,functional_group_structure question,8,0.2581,0.9690324756954483,0.6331967498388207,-0.03559218419541777,0.6687889340342384,7,644,,0.5703134536743164,0.6574214100837708,0.7305235862731934,0.8245062828063965,0.9071170687675476
meta-llama-Llama-3.1-8B,functional_group_structure question,16,0.5161,0.974136387382007,0.628440678662931,-0.030776982010095905,0.6592176606730269,7,644,,0.5654903054237366,0.7373200058937073,0.8065700531005859,0.8729502558708191,0.9393979907035828
meta-llama-Llama-3.1-8B,functional_group_structure question,24,0.7742,0.9786720133915622,0.6599104316872463,-0.031439701616050086,0.6913501333032963,7,644,,0.5329643487930298,0.7254043817520142,0.7953327894210815,0.8614068031311035,0.9321155548095703
meta-llama-Llama-3.1-8B,functional_group_structure question,31,1.0,0.9767035711654567,0.6534078302874899,-0.032555239962798174,0.6859630702502881,7,644,,0.533053457736969,0.6705700159072876,0.7442927360534668,0.808539867401123,0.9001083374023438
meta-llama-Llama-3.1-8B,hba,0,0.0,0.9909411263391839,0.7383851820701047,-0.006882224915063372,0.7452674069851681,10,920,,0.6138355135917664,0.7288313508033752,0.830430269241333,0.9103952050209045,0.9625502824783325
meta-llama-Llama-3.1-8B,hba,8,0.2581,0.9834648404916507,0.6071230014622734,-0.033982261248239776,0.6411052627105132,10,920,,0.551506519317627,0.6503576636314392,0.7157005071640015,0.8038896322250366,0.8948966860771179
meta-llama-Llama-3.1-8B,hba,16,0.5161,0.9604296197432168,0.6252531588992529,-0.039189146904407196,0.6644423058036601,10,920,,0.6276766657829285,0.7012304663658142,0.7514094710350037,0.8246649503707886,0.9068818092346191
meta-llama-Llama-3.1-8B,hba,24,0.7742,0.9187685688944223,0.6162216591142249,-0.038459630987826295,0.6546812901020512,10,920,,0.7070279717445374,0.7664673924446106,0.8069196939468384,0.8691575527191162,0.9382927417755127
meta-llama-Llama-3.1-8B,hba,31,1.0,0.9837885921615422,0.5344269490686425,-0.03475582335574754,0.5691827724243901,10,920,,0.49924436211586,0.6983345150947571,0.7658023238182068,0.8365768790245056,0.9193381071090698
meta-llama-Llama-3.1-8B,hba question,0,0.0,0.9703276733063763,0.6927254686230108,-0.005374484780506666,0.6980999534035174,10,920,,0.5096870064735413,0.6975478529930115,0.8106807470321655,0.8878389596939087,0.9554404616355896
meta-llama-Llama-3.1-8B,hba question,8,0.2581,0.977376950994611,0.628538059691588,-0.034401562105867874,0.6629396217974559,10,920,,0.4981057345867157,0.6045478582382202,0.6880682706832886,0.7963981628417969,0.8998215794563293
meta-llama-Llama-3.1-8B,hba question,16,0.5161,0.9819320708983148,0.6233419024042393,-0.03529853262011917,0.6586404350243584,10,920,,0.6748157739639282,0.7586285471916199,0.8185747861862183,0.8915776610374451,0.9531244039535522
meta-llama-Llama-3.1-8B,hba question,24,0.7742,0.9817461905101242,0.6410933627763338,-0.03520191061119082,0.6762952733875246,10,920,,0.7043744325637817,0.782866358757019,0.8392865657806396,0.9008362293243408,0.9576269388198853
meta-llama-Llama-3.1-8B,hba question,31,1.0,0.9785522250854621,0.6004566629866563,-0.032578251542356836,0.6330349145290132,10,920,,0.6890779733657837,0.7506780028343201,0.8044890761375427,0.8675011992454529,0.9389201402664185
meta-llama-Llama-3.1-8B,hbd,0,0.0,0.9911587759460836,0.7406783696067961,-0.006554052645042159,0.7472324222518383,10,920,,0.6158151626586914,0.7251259088516235,0.8285843133926392,0.9098904132843018,0.9623435139656067
meta-llama-Llama-3.1-8B,hbd,8,0.2581,0.9837960884494754,0.6189908144766825,-0.03458707996927861,0.653577894445961,10,920,,0.5387528538703918,0.6390736103057861,0.702890157699585,0.7988070845603943,0.8928074836730957
meta-llama-Llama-3.1-8B,hbd,16,0.5161,0.9547406633220332,0.6089943265705778,-0.03857269513552068,0.6475670217060985,10,920,,0.5972824692726135,0.6757580637931824,0.7323690056800842,0.8097385168075562,0.9004781246185303
meta-llama-Llama-3.1-8B,hbd,24,0.7742,0.9088554777742515,0.5686599884116859,-0.035504292528743764,0.6041642809404296,10,920,,0.6820449233055115,0.7456763386726379,0.7949123978614807,0.8558778762817383,0.9359759092330933
meta-llama-Llama-3.1-8B,hbd,31,1.0,0.984891109698934,0.41176330042480114,-0.02837193289373017,0.4401352333185313,10,920,,0.5259358286857605,0.7368120551109314,0.7919324040412903,0.8554376363754272,0.9318872690200806
meta-llama-Llama-3.1-8B,hbd question,0,0.0,0.9703650697674184,0.6906048896019918,-0.005079517946020314,0.6956844075480122,10,920,,0.5096089839935303,0.6975594162940979,0.8117468953132629,0.8885838389396667,0.9558982253074646
meta-llama-Llama-3.1-8B,hbd question,8,0.2581,0.9780475124894746,0.6248859589298567,-0.034079876202561574,0.6589658351324182,10,920,,0.48820406198501587,0.6062989830970764,0.6892766356468201,0.8058258891105652,0.9028976559638977
meta-llama-Llama-3.1-8B,hbd question,16,0.5161,0.9815497065467579,0.6161809745653156,-0.03535076079777099,0.6515317353630866,10,920,,0.645287811756134,0.7432095408439636,0.80515056848526,0.8904844522476196,0.9516113996505737
meta-llama-Llama-3.1-8B,hbd question,24,0.7742,0.9815947754896832,0.6232711266350459,-0.03523158453727556,0.6585027111723215,10,920,,0.6610237956047058,0.750130832195282,0.8143549561500549,0.8941687941551208,0.953174889087677
meta-llama-Llama-3.1-8B,hbd question,31,1.0,0.978444080531056,0.590672654982068,-0.032744645957031124,0.6234173009390991,10,920,,0.6358768939971924,0.7110611796379089,0.7693217992782593,0.8481589555740356,0.9304474592208862
meta-llama-Llama-3.1-8B,molecule,0,0.0,0.40373627567371,0.6961381593555734,-0.042279108955671295,0.7384172683112448,11,1012,,0.4180597960948944,0.4752672612667084,0.5244574546813965,0.6148543357849121,0.7699238061904907
meta-llama-Llama-3.1-8B,molecule,8,0.2581,0.660209353872594,0.5559917434788587,-0.036604399173776656,0.5925961426526354,11,1012,,0.48925670981407166,0.5707736611366272,0.6350452303886414,0.7142422795295715,0.8237438797950745
meta-llama-Llama-3.1-8B,molecule,16,0.5161,0.7591662597012645,0.6269947006448842,-0.03902543130483336,0.6660201319497175,11,1012,,0.5249544382095337,0.6247003674507141,0.6797626614570618,0.7568861246109009,0.8556604981422424
meta-llama-Llama-3.1-8B,molecule,24,0.7742,0.7871841290637288,0.6670397946839792,-0.03860395245510335,0.7056437471390826,11,1012,,0.5829388499259949,0.6849469542503357,0.7346776127815247,0.7995948791503906,0.8817234039306641
meta-llama-Llama-3.1-8B,molecule,31,1.0,0.8350238700517899,0.617137713296535,-0.035358252149371924,0.6524959654459069,11,1012,,0.5624371767044067,0.6631060838699341,0.7177268862724304,0.790222704410553,0.8739660978317261
meta-llama-Llama-3.1-8B,molecule_formula_bare,0,0.0,0.2955445094355344,0.7618847465665456,-0.043638411318590434,0.8055231578851361,1,92,,0.4774046540260315,0.5308568477630615,0.581182062625885,0.6736109852790833,0.8310118913650513
meta-llama-Llama-3.1-8B,molecule_formula_bare,8,0.2581,0.4150411056713288,0.5226495994026201,-0.03225093204302634,0.5549005314456464,1,92,,0.42074689269065857,0.5221255421638489,0.5939027070999146,0.6862242221832275,0.7903737425804138
meta-llama-Llama-3.1-8B,molecule_formula_bare,16,0.5161,0.48104468929927086,0.6106207909944811,-0.034838615528905506,0.6454594065233866,1,92,,0.5123274326324463,0.5900349020957947,0.6510837078094482,0.7385518550872803,0.8358107209205627
meta-llama-Llama-3.1-8B,molecule_formula_bare,24,0.7742,0.49043531030793824,0.6809987374172922,-0.03611742627868297,0.7171161636959752,1,92,mixed,0.5310017466545105,0.6357961893081665,0.6916688680648804,0.7649484276771545,0.8620327711105347
meta-llama-Llama-3.1-8B,molecule_formula_bare,31,1.0,0.48455325765085816,0.7240192507834811,-0.025011779192862495,0.7490310299763435,1,92,,0.5517171621322632,0.6897531747817993,0.740363597869873,0.8049446940422058,0.8904047608375549
meta-llama-Llama-3.1-8B,molecule_name_bare,0,0.0,0.32043240223982317,0.4915915743545874,-0.022206945868687964,0.5137985202232753,1,92,,0.2893372178077698,0.47508999705314636,0.5312736630439758,0.6328960061073303,0.8124166131019592
meta-llama-Llama-3.1-8B,molecule_name_bare,8,0.2581,0.6216281933030955,0.20712351980374047,-0.021625435038678212,0.2287489548424187,1,92,,0.42060214281082153,0.5652629137039185,0.631665825843811,0.7298163175582886,0.836714506149292
meta-llama-Llama-3.1-8B,molecule_name_bare,16,0.5161,0.7390174920827762,0.2784990576471676,-0.02337178228639704,0.3018708399335646,1,92,,0.49094945192337036,0.6130239367485046,0.6757215261459351,0.7610777020454407,0.8759534955024719
meta-llama-Llama-3.1-8B,molecule_name_bare,24,0.7742,0.7712933813563044,0.17110368028985695,-0.01829326653679925,0.1893969468266562,1,92,,0.5258646011352539,0.6709456443786621,0.7390241622924805,0.8174877762794495,0.9124338626861572
meta-llama-Llama-3.1-8B,molecule_name_bare,31,1.0,0.8099637927333533,0.15035694204893763,-0.01746315409067318,0.1678200961396108,1,92,,0.5812546610832214,0.718386173248291,0.7701496481895447,0.8408304452896118,0.9249839186668396
meta-llama-Llama-3.1-8B,pka,0,0.0,0.9915826159462198,0.7386798683488578,-0.004384988290315991,0.7430648566391738,11,1012,mixed,0.621102511882782,0.732988715171814,0.8323635458946228,0.9117648005485535,0.9640344381332397
meta-llama-Llama-3.1-8B,pka,8,0.2581,0.9844199981321516,0.6255971495503265,-0.03890647790672784,0.6645036274570544,11,1012,,0.5378644466400146,0.6354448199272156,0.6972841620445251,0.7833021283149719,0.8820208311080933
meta-llama-Llama-3.1-8B,pka,16,0.5161,0.9283639469388223,0.7563027964349378,-0.04338276412287959,0.7996855605578174,11,1012,clustered,0.4775775372982025,0.5923524498939514,0.6697704792022705,0.7644209861755371,0.8962237238883972
meta-llama-Llama-3.1-8B,pka,24,0.7742,0.7192937835687891,0.5956656263585676,-0.03783329834593999,0.6334989247045075,11,1012,clustered,0.43639397621154785,0.5263916254043579,0.601830780506134,0.7113741636276245,0.8664243817329407
meta-llama-Llama-3.1-8B,pka,31,1.0,0.9451173368789794,0.6454740486254817,-0.039364364255321665,0.6848384128808034,11,1012,inconclusive,0.6957665681838989,0.7717208862304688,0.8211454153060913,0.8678551316261292,0.9334598183631897
meta-llama-Llama-3.1-8B,pka question,0,0.0,0.9672930769896427,0.7184820339867943,0.000534369086264037,0.7179476649005303,11,1012,,0.48678818345069885,0.721484899520874,0.8228406310081482,0.8928219079971313,0.9573284983634949
meta-llama-Llama-3.1-8B,pka question,8,0.2581,0.9760259807793307,0.6268764794395681,-0.035314730265510436,0.6621912097050786,11,1012,,0.4996528625488281,0.6097654700279236,0.6949316263198853,0.791326642036438,0.8932992815971375
meta-llama-Llama-3.1-8B,pka question,16,0.5161,0.9798503873795912,0.6709755585251147,-0.03294982808549523,0.7039253866106099,11,1012,mixed,0.5287295579910278,0.693223237991333,0.7870021462440491,0.8542848825454712,0.9284682273864746
meta-llama-Llama-3.1-8B,pka question,24,0.7742,0.9830655663336969,0.6578863593831397,-0.03073687844644474,0.6886232378295845,11,1012,,0.543129026889801,0.7196584939956665,0.7970945835113525,0.8560347557067871,0.9372076988220215
meta-llama-Llama-3.1-8B,pka question,31,1.0,0.9793934841874793,0.6222576822824123,-0.031152521403591413,0.6534102036860037,11,1012,,0.5021424889564514,0.6278799772262573,0.7050305008888245,0.7777593731880188,0.8935524225234985
meta-llama-Llama-3.1-8B,pkah,0,0.0,0.9918687514465959,0.7318939873785303,-0.0038737249426623365,0.7357677123211926,11,1012,,0.6071142554283142,0.7314636707305908,0.8301211595535278,0.9109531044960022,0.9636051654815674
meta-llama-Llama-3.1-8B,pkah,8,0.2581,0.9859529211654426,0.6431007914637265,-0.0388156888934672,0.6819164803571937,11,1012,,0.5782317519187927,0.6629157066345215,0.7209767699241638,0.8038973808288574,0.8945396542549133
meta-llama-Llama-3.1-8B,pkah,16,0.5161,0.9306783576758922,0.7511123724673924,-0.04295901688889196,0.7940713893562843,11,1012,clustered,0.4834338426589966,0.6028034090995789,0.6759496331214905,0.7700576186180115,0.8983536958694458
meta-llama-Llama-3.1-8B,pkah,24,0.7742,0.7475058464871829,0.5971456912525913,-0.03723505807817596,0.6343807493307673,11,1012,,0.4517843425273895,0.5504985451698303,0.6246155500411987,0.7316763401031494,0.878021776676178
meta-llama-Llama-3.1-8B,pkah,31,1.0,0.9568872082278994,0.6453339567963492,-0.03942888976144409,0.6847628465577933,11,1012,,0.7139270305633545,0.7901723384857178,0.8359768390655518,0.8802439570426941,0.9393063187599182
meta-llama-Llama-3.1-8B,pkah question,0,0.0,0.9707196735333325,0.710737632685586,-0.000724340827327872,0.7114619735129138,11,1012,,0.4989766776561737,0.7121855616569519,0.8191438317298889,0.891375720500946,0.9569612741470337
meta-llama-Llama-3.1-8B,pkah question,8,0.2581,0.9796685340497918,0.6313236478650779,-0.03510603016431496,0.6664296780293928,11,1012,,0.5157623291015625,0.6172902584075928,0.7004446387290955,0.7970640659332275,0.8985563516616821
meta-llama-Llama-3.1-8B,pkah question,16,0.5161,0.9818790642428045,0.6594503814673149,-0.030993900576184077,0.6904442820434991,11,1012,,0.5896265506744385,0.732638418674469,0.8039430975914001,0.8653718829154968,0.9376600384712219
meta-llama-Llama-3.1-8B,pkah question,24,0.7742,0.9849132677612268,0.639534509495685,-0.028475339804657385,0.6680098493003424,11,1012,,0.6196516156196594,0.7568957805633545,0.8188736438751221,0.8738782405853271,0.9446319937705994
meta-llama-Llama-3.1-8B,pkah question,31,1.0,0.981634752236652,0.6086289330565354,-0.02992426534895229,0.6385531984054877,11,1012,,0.5504472851753235,0.6484445333480835,0.7232885956764221,0.7930870056152344,0.9034032821655273
meta-llama-Llama-3.1-8B,tpsa,0,0.0,0.9907925963344838,0.7388020449301653,-0.007913834718542085,0.7467158796487074,11,1012,,0.6172552704811096,0.7275263071060181,0.8302343487739563,0.9102486371994019,0.962762713432312
meta-llama-Llama-3.1-8B,tpsa,8,0.2581,0.9856463300942577,0.5293016812290278,-0.032801142825014215,0.562102824054042,11,1012,,0.5468616485595703,0.6320418119430542,0.7018951773643494,0.7869758605957031,0.8796495199203491
meta-llama-Llama-3.1-8B,tpsa,16,0.5161,0.9693677408724838,0.6261824203426378,-0.039392421436388214,0.665574841779026,11,1012,mixed,0.6118150949478149,0.6840069890022278,0.7395442128181458,0.8143283128738403,0.9028746485710144
meta-llama-Llama-3.1-8B,tpsa,24,0.7742,0.941374485195395,0.5329860767120855,-0.03524700003640247,0.568233076748488,11,1012,,0.7056954503059387,0.7596694827079773,0.804643988609314,0.862653374671936,0.936316192150116
meta-llama-Llama-3.1-8B,tpsa,31,1.0,0.9974740174075262,0.5814654470110933,-0.03429195938392376,0.615757406395017,11,1012,,0.9323508739471436,0.958626925945282,0.968856692314148,0.9818801879882812,0.992979109287262
meta-llama-Llama-3.1-8B,tpsa question,0,0.0,0.9690944626322217,0.7070803316800218,-0.0026085977427032026,0.709688929422725,11,1012,,0.505087673664093,0.7087829113006592,0.8185290098190308,0.891785740852356,0.9566287994384766
meta-llama-Llama-3.1-8B,tpsa question,8,0.2581,0.9752916436103104,0.5782209239704045,-0.03231766506715965,0.6105385890375641,11,1012,,0.46517351269721985,0.5743358731269836,0.6597407460212708,0.7966424226760864,0.8919999599456787
meta-llama-Llama-3.1-8B,tpsa question,16,0.5161,0.9844082789562333,0.6588190720955792,-0.03766093601097432,0.6964800081065535,11,1012,,0.6751610040664673,0.7660005688667297,0.8229345083236694,0.8871201276779175,0.9449836611747742
meta-llama-Llama-3.1-8B,tpsa question,24,0.7742,0.9796094643944369,0.6745983911841585,-0.0375321656672108,0.7121305568513694,11,1012,,0.7053154706954956,0.7951285243034363,0.8506594896316528,0.9040514230728149,0.9535362720489502
meta-llama-Llama-3.1-8B,tpsa question,31,1.0,0.9779749416131696,0.5878242300986721,-0.03144875088981291,0.619272980988485,11,1012,,0.6269780397415161,0.7202736735343933,0.7770586013793945,0.8401098251342773,0.9230048656463623
meta-llama-Llama-3.1-8B,water_solubility,0,0.0,0.990619122939308,0.7473795936818708,-0.007993952428643102,0.7553735461105139,10,920,,0.6133759617805481,0.7215366363525391,0.8257386684417725,0.9074677228927612,0.9620049595832825
meta-llama-Llama-3.1-8B,water_solubility,8,0.2581,0.9846302773527591,0.5859434118600595,-0.03380350530951034,0.6197469171695699,10,920,,0.5647962689399719,0.6547650098800659,0.7269162535667419,0.8125455379486084,0.8985817432403564
meta-llama-Llama-3.1-8B,water_solubility,16,0.5161,0.9595901463456662,0.5659266897853006,-0.0356442222096792,0.6015709119949798,10,920,,0.6210314035415649,0.7031925916671753,0.7686423659324646,0.8353458642959595,0.9184355139732361
meta-llama-Llama-3.1-8B,water_solubility,24,0.7742,0.9591380522203286,0.37883226856897717,-0.027259533794676827,0.406091802363654,10,920,,0.694318413734436,0.7831248044967651,0.839512288570404,0.8897425532341003,0.9498102068901062
meta-llama-Llama-3.1-8B,water_solubility,31,1.0,0.9926849278433153,0.4563652820128992,-0.031377358297041816,0.487742640309941,10,920,,0.49025365710258484,0.7602821588516235,0.8215075135231018,0.8942878842353821,0.9554430246353149
meta-llama-Llama-3.1-8B,water_solubility question,0,0.0,0.9680519637113773,0.7088704984961894,-0.0012127621959085945,0.710083260692098,10,920,,0.49247094988822937,0.7144432663917542,0.8169056177139282,0.8900502920150757,0.9565383195877075
meta-llama-Llama-3.1-8B,water_solubility question,8,0.2581,0.9739129001223978,0.605189404335984,-0.03218328006357153,0.6373726843995555,10,920,,0.4713505506515503,0.5810862183570862,0.666718602180481,0.7921976447105408,0.8916717171669006
meta-llama-Llama-3.1-8B,water_solubility question,16,0.5161,0.9818260533867758,0.5950051727541313,-0.032507728782409644,0.6275129015365409,10,920,,0.5848416090011597,0.7155269980430603,0.781207799911499,0.8588716983795166,0.9304628372192383
meta-llama-Llama-3.1-8B,water_solubility question,24,0.7742,0.9809892508497207,0.5789076900681513,-0.030064464373691403,0.6089721544418427,10,920,,0.591097354888916,0.7186321020126343,0.7961756587028503,0.8714665174484253,0.939910352230072
meta-llama-Llama-3.1-8B,water_solubility question,31,1.0,0.9778965567779268,0.4920981480543943,-0.025605516797973307,0.5177036648523676,10,920,,0.4819643795490265,0.6288353800773621,0.7075272798538208,0.8018451929092407,0.9004628658294678
meta-llama-Llama-3.1-70B,avg_carbon_oxidation_state,0,0.0,0.9970708130451691,0.7702973282389474,-0.03384769339904699,0.8041450216379944,11,1012,,0.5660285353660583,0.6912556290626526,0.7806314826011658,0.8787661194801331,0.944932222366333
meta-llama-Llama-3.1-70B,avg_carbon_oxidation_state,20,0.2532,0.9622302510723564,0.47514116953600916,-0.03180088497974102,0.5069420545157501,11,1012,,0.580694854259491,0.6633869409561157,0.7307380437850952,0.7987716197967529,0.899366557598114
meta-llama-Llama-3.1-70B,avg_carbon_oxidation_state,40,0.5063,0.914309652197378,0.6037872387586456,-0.034069932433012234,0.6378571711916579,11,1012,,0.6231342554092407,0.69965660572052,0.7607995271682739,0.832766592502594,0.9186546802520752
meta-llama-Llama-3.1-70B,avg_carbon_oxidation_state,60,0.7595,0.8789627472293815,0.591147255021752,-0.033058438788153496,0.6242056938099055,11,1012,,0.6557732224464417,0.7300315499305725,0.7840129733085632,0.8461267352104187,0.9259339570999146
meta-llama-Llama-3.1-70B,avg_carbon_oxidation_state,79,1.0,0.9635014368681263,0.4921502379798575,-0.03124914168679345,0.523399379666651,11,1012,,0.6456589102745056,0.8008375763893127,0.8380951881408691,0.8874393701553345,0.9435888528823853
meta-llama-Llama-3.1-70B,avg_carbon_oxidation_state question,0,0.0,0.9868399616040742,0.7617769839993694,0.013724574091951826,0.7480524099074176,11,1012,,0.5643212199211121,0.7652096748352051,0.8544846773147583,0.9058204293251038,0.9606924057006836
meta-llama-Llama-3.1-70B,avg_carbon_oxidation_state question,20,0.2532,0.9669800405575223,0.6474764971879491,-0.03573105363516772,0.6832075508231168,11,1012,,0.6548783183097839,0.7134584188461304,0.7662912607192993,0.8311501145362854,0.9182254076004028
meta-llama-Llama-3.1-70B,avg_carbon_oxidation_state question,40,0.5063,0.974701710411993,0.743958414908041,-0.039219646643527596,0.7831780615515687,11,1012,,0.5890823602676392,0.7405313849449158,0.8046801090240479,0.8657797574996948,0.9395677447319031
meta-llama-Llama-3.1-70B,avg_carbon_oxidation_state question,60,0.7595,0.9732313201550485,0.7443264067957276,-0.039988358921981784,0.7843147657177094,11,1012,,0.572761058807373,0.7234800457954407,0.802391529083252,0.863970935344696,0.9383979439735413
meta-llama-Llama-3.1-70B,avg_carbon_oxidation_state question,79,1.0,0.97905960817173,0.7089726520996344,-0.03263503686171214,0.7416076889613465,11,1012,,0.5186723470687866,0.6800928711891174,0.7564509510993958,0.8229809999465942,0.9183676838874817
meta-llama-Llama-3.1-70B,boiling_point_c,0,0.0,0.996214431521429,0.7675211979239657,-0.03337244042049342,0.8008936383444591,9,828,,0.5895057916641235,0.7059599757194519,0.7897499799728394,0.8858588933944702,0.9483135342597961
meta-llama-Llama-3.1-70B,boiling_point_c,20,0.2532,0.9571585073547391,0.44845860206375,-0.031241991932956435,0.47970059399670645,9,828,,0.6749391555786133,0.7536247372627258,0.8009050488471985,0.8516119718551636,0.9257280826568604
meta-llama-Llama-3.1-70B,boiling_point_c,40,0.5063,0.7064544882748153,0.5348139986265124,-0.034713522545110884,0.5695275211716232,9,828,,0.48636987805366516,0.5680572986602783,0.6310248374938965,0.7308246493339539,0.87701016664505
meta-llama-Llama-3.1-70B,boiling_point_c,60,0.7595,0.41775136887030456,0.27113552482721087,-0.02456204640957207,0.2956975712367829,9,828,,0.39593803882598877,0.5160716772079468,0.5804587006568909,0.6818268299102783,0.8112051486968994
meta-llama-Llama-3.1-70B,boiling_point_c,79,1.0,0.6889300974951617,0.3667692339186671,0.00031214003034056185,0.36645709388832653,9,828,,0.4235510528087616,0.8127686381340027,0.8617520928382874,0.9103150963783264,0.9536879062652588
meta-llama-Llama-3.1-70B,boiling_point_c question,0,0.0,0.9797246339528457,0.7671579012745305,0.04706664277733442,0.7200912584971961,9,828,,0.6284841299057007,0.8092432022094727,0.8853228092193604,0.9227046370506287,0.9679175019264221
meta-llama-Llama-3.1-70B,boiling_point_c question,20,0.2532,0.9554615704795703,0.655383492509524,-0.03792213649126762,0.6933056290007916,9,828,,0.67767333984375,0.738685667514801,0.784404456615448,0.8492302894592285,0.9241365790367126
meta-llama-Llama-3.1-70B,boiling_point_c question,40,0.5063,0.9664619260436886,0.7082995008023685,-0.03414221857551452,0.742441719377883,9,828,,0.6491460800170898,0.7697094082832336,0.8234876990318298,0.8895476460456848,0.9446092247962952
meta-llama-Llama-3.1-70B,boiling_point_c question,60,0.7595,0.967758206989682,0.7122912693793249,-0.03587258267603904,0.7481638520553638,9,828,,0.6184796690940857,0.7468993663787842,0.8282099366188049,0.8934667110443115,0.9478821754455566
meta-llama-Llama-3.1-70B,boiling_point_c question,79,1.0,0.9735732821403253,0.674443555718059,-0.02656890602420443,0.7010124617422635,9,828,,0.6088871359825134,0.7343284487724304,0.7945300340652466,0.8617544770240784,0.9325256943702698
meta-llama-Llama-3.1-70B,functional_group,0,0.0,0.996446721871618,0.760291237253369,-0.033485142614568884,0.7937763798679379,10,920,,0.5745083689689636,0.6955519318580627,0.7843126058578491,0.8820692896842957,0.9466724395751953
meta-llama-Llama-3.1-70B,functional_group,20,0.2532,0.954245890562351,0.5851244580065995,-0.03577761505505151,0.620902073061651,10,920,,0.5986508131027222,0.6861326694488525,0.730726957321167,0.8021770715713501,0.9073130488395691
meta-llama-Llama-3.1-70B,functional_group,40,0.5063,0.8367059971519594,0.7737580746935125,-0.04321568582334464,0.8169737605168572,10,920,,0.5747261643409729,0.676456093788147,0.7474566698074341,0.8171756863594055,0.9015259146690369
meta-llama-Llama-3.1-70B,functional_group,60,0.7595,0.7801641411064802,0.8375740793713352,-0.045949484014315006,0.8835235633856502,10,920,,0.5365565419197083,0.6499150395393372,0.7318856716156006,0.8114904165267944,0.9093508124351501
meta-llama-Llama-3.1-70B,functional_group,79,1.0,0.9332683629045291,0.7867570258023446,-0.04280031679565199,0.8295573425979966,10,920,,0.48886239528656006,0.6243537664413452,0.707099974155426,0.7892501950263977,0.8872460722923279
meta-llama-Llama-3.1-70B,functional_group question,0,0.0,0.9823657870007882,0.760171089256019,0.04060412622146681,0.7195669630345521,10,920,,0.6150903105735779,0.7976349592208862,0.8781782984733582,0.9183859825134277,0.9658598303794861
meta-llama-Llama-3.1-70B,functional_group question,20,0.2532,0.9590122052003366,0.6557781102887371,-0.036553092875995695,0.6923312031647328,10,920,,0.6234726309776306,0.6948785781860352,0.7542402744293213,0.823194682598114,0.9125803709030151
meta-llama-Llama-3.1-70B,functional_group question,40,0.5063,0.9707451581356916,0.7909285194779697,-0.04192919060727818,0.8328577100852479,10,920,,0.5581485033035278,0.6928730010986328,0.7756074666976929,0.8493320345878601,0.9230042695999146
meta-llama-Llama-3.1-70B,functional_group question,60,0.7595,0.9670976717621301,0.8236218102668461,-0.045275108410553204,0.8688969186773993,10,920,,0.5569062829017639,0.681208610534668,0.781785249710083,0.8550682663917542,0.9308698177337646
meta-llama-Llama-3.1-70B,functional_group question,79,1.0,0.9731836475599228,0.7804079233554372,-0.037510845745669465,0.8179187691011066,10,920,,0.5271986722946167,0.652868390083313,0.7287089824676514,0.8147683143615723,0.9036230444908142
meta-llama-Llama-3.1-70B,functional_group_structure,0,0.0,0.9961461558674604,0.7723097340612296,-0.03318895098317099,0.8054986850444006,7,644,,0.5634316205978394,0.7014086842536926,0.7876764535903931,0.8811021447181702,0.9474101066589355
meta-llama-Llama-3.1-70B,functional_group_structure,20,0.2532,0.9546859112300773,0.6739844818060335,-0.04001650293022779,0.7140009847362614,7,644,,0.5996251106262207,0.6809214949607849,0.739563524723053,0.8236379027366638,0.9114816188812256
meta-llama-Llama-3.1-70B,functional_group_structure,40,0.5063,0.8537865159645983,0.6315374388114402,-0.03820776421814279,0.669745203029583,7,644,,0.5331915020942688,0.6288113594055176,0.6997889280319214,0.7817140221595764,0.8865139484405518
meta-llama-Llama-3.1-70B,functional_group_structure,60,0.7595,0.8178140399732832,0.691495895777878,-0.04125714467917591,0.7327530404570539,7,644,,0.4812247157096863,0.5987371802330017,0.6815211176872253,0.7661375403404236,0.8766199350357056
meta-llama-Llama-3.1-70B,functional_group_structure,79,1.0,0.9381348872179058,0.7250822962898957,-0.04058222938757667,0.7656645256774725,7,644,,0.5877142548561096,0.6979907155036926,0.7651671767234802,0.826341986656189,0.907227098941803
meta-llama-Llama-3.1-70B,functional_group_structure question,0,0.0,0.9787149301312269,0.7651232930651882,0.054990857231041974,0.7101324358341462,7,644,,0.6501736044883728,0.8206530809402466,0.8904103636741638,0.9242156147956848,0.9683437347412109
meta-llama-Llama-3.1-70B,functional_group_structure question,20,0.2532,0.9566497346230574,0.6358149544450274,-0.03451503838732606,0.6703299928323535,7,644,,0.6209908723831177,0.6911231875419617,0.7515122294425964,0.8249454498291016,0.9144647717475891
meta-llama-Llama-3.1-70B,functional_group_structure question,40,0.5063,0.9617148353560256,0.7767360501906329,-0.036008170251132905,0.8127442204417658,7,644,,0.5515969395637512,0.7276752591133118,0.7960667014122009,0.8641305565834045,0.932205319404602
meta-llama-Llama-3.1-70B,functional_group_structure question,60,0.7595,0.9592433218971942,0.8148523093315593,-0.04072838067204682,0.8555806900036061,7,644,,0.5571696162223816,0.7154170274734497,0.8064941167831421,0.8674123287200928,0.9358611106872559
meta-llama-Llama-3.1-70B,functional_group_structure question,79,1.0,0.9665503338712628,0.7759637637880811,-0.0323415977570822,0.8083053615451633,7,644,,0.5276818871498108,0.6776265501976013,0.763360857963562,0.8349008560180664,0.9158378839492798
meta-llama-Llama-3.1-70B,hba,0,0.0,0.99686554289297,0.7678961947298887,-0.03366430979263359,0.8015605045225223,10,920,,0.5552436113357544,0.6873114109039307,0.7772724032402039,0.8781120181083679,0.9453896284103394
meta-llama-Llama-3.1-70B,hba,20,0.2532,0.9715343985298975,0.4299849534995462,-0.029334167265628434,0.4593191207651746,10,920,,0.62742018699646,0.7062380313873291,0.7684182524681091,0.8330031633377075,0.9137957692146301
meta-llama-Llama-3.1-70B,hba,40,0.5063,0.8763596633377112,0.6703589946815842,-0.03966779539875424,0.7100267900803384,10,920,,0.6469826698303223,0.7050272822380066,0.7615965008735657,0.8235103487968445,0.9204337000846863
meta-llama-Llama-3.1-70B,hba,60,0.7595,0.8213598529118075,0.6768389124619333,-0.040426511653319126,0.7172654241152524,10,920,,0.6672406792640686,0.7257511019706726,0.7775888442993164,0.8398558497428894,0.9306360483169556
meta-llama-Llama-3.1-70B,hba,79,1.0,0.9670589613789187,0.6500199027359486,-0.03375162116816687,0.6837715239041154,10,920,,0.7501699924468994,0.8296931385993958,0.8747039437294006,0.9178675413131714,0.9619432091712952
meta-llama-Llama-3.1-70B,hba question,0,0.0,0.984846153927943,0.7637078979036265,0.01636004287353223,0.7473478550300943,10,920,,0.5624699592590332,0.7662489414215088,0.8567920923233032,0.9076509475708008,0.9612099528312683
meta-llama-Llama-3.1-70B,hba question,20,0.2532,0.9653775535783754,0.6537552439329917,-0.03597416626107801,0.6897294101940696,10,920,,0.6889693140983582,0.7482033371925354,0.7933711409568787,0.8529793620109558,0.9268721342086792
meta-llama-Llama-3.1-70B,hba question,40,0.5063,0.9577075586157214,0.7293585304889763,-0.026037818759600907,0.7553963492485771,10,920,,0.7922684550285339,0.8516534566879272,0.8865681290626526,0.9353844523429871,0.970836877822876
meta-llama-Llama-3.1-70B,hba question,60,0.7595,0.9523823188357073,0.7461195885808322,-0.025215425853057454,0.7713350144338896,10,920,,0.7779014110565186,0.8424962162971497,0.8874886631965637,0.9369211792945862,0.9717862010002136
meta-llama-Llama-3.1-70B,hba question,79,1.0,0.9631514320149128,0.7100328481511066,-0.021030287931959418,0.731063136083066,10,920,,0.7153254747390747,0.784149169921875,0.83726966381073,0.8977563977241516,0.9517174363136292
meta-llama-Llama-3.1-70B,hbd,0,0.0,0.996709785348083,0.7673080551781153,-0.03375387784083811,0.8010619330189535,10,920,,0.5714203715324402,0.6975149512290955,0.7844696640968323,0.879384458065033,0.9461783766746521
meta-llama-Llama-3.1-70B,hbd,20,0.2532,0.9692251795054735,0.4068279672503929,-0.028802354405704736,0.4356303216560976,10,920,,0.5833734273910522,0.6766608953475952,0.7494405508041382,0.8267727494239807,0.9105966091156006
meta-llama-Llama-3.1-70B,hbd,40,0.5063,0.8852938462887093,0.623947541049698,-0.03742936483775349,0.6613769058874515,10,920,,0.5720100998878479,0.6529040932655334,0.7025259137153625,0.7848507165908813,0.9067434072494507
meta-llama-Llama-3.1-70B,hbd,60,0.7595,0.8443359950627657,0.6229768526135829,-0.036023559516976805,0.6590004121305597,10,920,,0.6039758324623108,0.681848406791687,0.7323204874992371,0.8114927411079407,0.9200065732002258
meta-llama-Llama-3.1-70B,hbd,79,1.0,0.9695870432765986,0.5505766583475888,-0.03532323113171121,0.5858998894793,10,920,,0.614276647567749,0.7140047550201416,0.7772970795631409,0.8579968810081482,0.9388708472251892
meta-llama-Llama-3.1-70B,hbd question,0,0.0,0.9847404722585327,0.7632618502043841,0.015259360079975342,0.7480024901244088,10,920,,0.5618702173233032,0.765759289264679,0.8582287430763245,0.9069516658782959,0.9607641100883484
meta-llama-Llama-3.1-70B,hbd question,20,0.2532,0.9636264969815037,0.6586734285218674,-0.03598440867150117,0.6946578371933686,10,920,,0.6964621543884277,0.7555246353149414,0.799010157585144,0.8563321828842163,0.9272210597991943
meta-llama-Llama-3.1-70B,hbd question,40,0.5063,0.9579265000173137,0.750938548396031,-0.024834954315896572,0.7757735027119276,10,920,,0.7780966758728027,0.8408921957015991,0.8783150315284729,0.9303243160247803,0.9687879085540771
meta-llama-Llama-3.1-70B,hbd question,60,0.7595,0.9536600532397321,0.7716463763499632,-0.02525089845424813,0.7968972748042114,10,920,,0.7581120133399963,0.8304435014724731,0.8775194883346558,0.9322891235351562,0.9688002467155457
meta-llama-Llama-3.1-70B,hbd question,79,1.0,0.9640571491119113,0.7324158282329639,-0.018198053566696838,0.7506138817996607,10,920,,0.6869375109672546,0.7654337286949158,0.8282710909843445,0.892634928226471,0.9499885439872742
meta-llama-Llama-3.1-70B,molecule,0,0.0,0.4951272822927187,0.6912069927182114,-0.04127962595318332,0.7324866186713948,11,1012,,0.37098485231399536,0.4429149031639099,0.5017098784446716,0.6046923995018005,0.7841561436653137
meta-llama-Llama-3.1-70B,molecule,20,0.2532,0.6095459176217661,0.6151073313595956,-0.03886367706763849,0.6539710084272341,11,1012,,0.4910193383693695,0.5664553642272949,0.6268932223320007,0.714298665523529,0.8410433530807495
meta-llama-Llama-3.1-70B,molecule,40,0.5063,0.7270739824078155,0.6210234754702502,-0.03794183588317606,0.6589653113534262,11,1012,,0.526209831237793,0.6137573719024658,0.6685805320739746,0.7475477457046509,0.8522554039955139
meta-llama-Llama-3.1-70B,molecule,60,0.7595,0.7328942236265837,0.6093536817321652,-0.03646244178576099,0.6458161235179262,11,1012,,0.5101077556610107,0.6053873896598816,0.6631788611412048,0.7387698292732239,0.8466437458992004
meta-llama-Llama-3.1-70B,molecule,79,1.0,0.8746986285499905,0.560342105857113,-0.033575549002112064,0.593917654859225,11,1012,,0.5116774439811707,0.6030198335647583,0.6589800715446472,0.7378344535827637,0.8432145714759827
meta-llama-Llama-3.1-70B,molecule_formula_bare,0,0.0,0.3807563006030676,0.7284749594742734,-0.03969460366063723,0.7681695631349107,1,92,,0.41721010208129883,0.4834578037261963,0.5421074032783508,0.6471277475357056,0.8433294892311096
meta-llama-Llama-3.1-70B,molecule_formula_bare,20,0.2532,0.406007681682713,0.624574651974335,-0.03860349232824338,0.6631781443025784,1,92,,0.4740782380104065,0.5627592206001282,0.6183724403381348,0.7099723815917969,0.8409759998321533
meta-llama-Llama-3.1-70B,molecule_formula_bare,40,0.5063,0.4396062222604426,0.749603120381372,-0.03786504668880287,0.7874681670701749,1,92,,0.5449863076210022,0.6345821022987366,0.693373441696167,0.7609086632728577,0.8666823506355286
meta-llama-Llama-3.1-70B,molecule_formula_bare,60,0.7595,0.40960060504994433,0.7669815549202132,-0.03897941512117307,0.8059609700413863,1,92,,0.5647500157356262,0.640896737575531,0.7039604187011719,0.7705112099647522,0.8786632418632507
meta-llama-Llama-3.1-70B,molecule_formula_bare,79,1.0,0.49383821747787704,0.777608019740958,-0.02355423905187069,0.8011622587928287,1,92,,0.565277636051178,0.6835075616836548,0.7322748303413391,0.8010647892951965,0.9060933589935303
meta-llama-Llama-3.1-70B,molecule_name_bare,0,0.0,0.42222001027303396,0.6451491584772604,-0.011327655467209685,0.6564768139444701,1,92,,0.2942127287387848,0.5575958490371704,0.6235737800598145,0.7302416563034058,0.9133089184761047
meta-llama-Llama-3.1-70B,molecule_name_bare,20,0.2532,0.5069336390707462,0.323527643950799,-0.02555002807467214,0.3490776720254712,1,92,,0.3725598156452179,0.5125834941864014,0.6050397753715515,0.7115603089332581,0.8400427103042603
meta-llama-Llama-3.1-70B,molecule_name_bare,40,0.5063,0.6430395193721937,0.22776067843497322,-0.018826015052042233,0.24658669348701545,1,92,,0.48494642972946167,0.6427336931228638,0.696513831615448,0.7938544750213623,0.89063960313797
meta-llama-Llama-3.1-70B,molecule_name_bare,60,0.7595,0.6527354556246631,0.18591069362063486,-0.015238832127635217,0.20114952574827008,1,92,,0.47960585355758667,0.6584069132804871,0.7161129713058472,0.8071979880332947,0.89905846118927
meta-llama-Llama-3.1-70B,molecule_name_bare,79,1.0,0.7308455056413418,0.10949831169605125,-0.013402441616185383,0.12290075331223663,1,92,,0.5394213795661926,0.6978334784507751,0.7630898356437683,0.8358141183853149,0.9188077449798584
meta-llama-Llama-3.1-70B,pka,0,0.0,0.9970656102260675,0.7677446137051702,-0.032877155046545654,0.8006217687517159,11,1012,,0.5677639842033386,0.6912531852722168,0.7798689603805542,0.8829319477081299,0.94718337059021
meta-llama-Llama-3.1-70B,pka,20,0.2532,0.9533806203286499,0.5062287096260932,-0.034035073399721893,0.5402637830258151,11,1012,,0.5771510601043701,0.6594114303588867,0.7288104295730591,0.7992188334465027,0.8989957571029663
meta-llama-Llama-3.1-70B,pka,40,0.5063,0.7840969666617941,0.762032915364232,-0.04109548816555624,0.8031284035297882,11,1012,clustered,0.48640039563179016,0.5732728838920593,0.6427828669548035,0.7419763207435608,0.8824054002761841
meta-llama-Llama-3.1-70B,pka,60,0.7595,0.5601805658985198,0.709183758549523,-0.03933142038642522,0.7485151789359482,11,1012,clustered,0.4737268090248108,0.5430508852005005,0.6030558347702026,0.7006186246871948,0.8448970913887024
meta-llama-Llama-3.1-70B,pka,79,1.0,0.8861094545332713,0.7500456732354666,-0.03964173035720912,0.7896874035926756,11,1012,,0.6825382113456726,0.8142000436782837,0.8502857685089111,0.8906362652778625,0.9424197673797607
meta-llama-Llama-3.1-70B,pka question,0,0.0,0.9808181776735011,0.7740562200023416,0.055189053382606046,0.7188671666197356,11,1012,,0.6508663892745972,0.8221892714500427,0.891150176525116,0.9270585179328918,0.9696477055549622
meta-llama-Llama-3.1-70B,pka question,20,0.2532,0.9630757040431838,0.6783331884888181,-0.03688451020614019,0.7152176986949582,11,1012,,0.5755478143692017,0.6647650599479675,0.7292038798332214,0.8087391257286072,0.9061322212219238
meta-llama-Llama-3.1-70B,pka question,40,0.5063,0.9735993716742967,0.7224599245543543,-0.03414173370639054,0.7566016582607448,11,1012,,0.5598932504653931,0.7478473782539368,0.8055287599563599,0.865112841129303,0.9379837512969971
meta-llama-Llama-3.1-70B,pka question,60,0.7595,0.9728084253000404,0.7375562625626723,-0.036526568426336926,0.7740828309890092,11,1012,,0.5477623343467712,0.7224759459495544,0.8050057888031006,0.8636749982833862,0.9355267882347107
meta-llama-Llama-3.1-70B,pka question,79,1.0,0.9765662485711379,0.707852441915556,-0.030479402552830766,0.7383318444683867,11,1012,,0.5202518701553345,0.6911563873291016,0.7552559971809387,0.8277748823165894,0.9135284423828125
meta-llama-Llama-3.1-70B,pkah,0,0.0,0.9973948053834089,0.7620085205294584,-0.032457781000523975,0.7944663015299824,11,1012,,0.5504066348075867,0.6829336881637573,0.7766163349151611,0.8807268738746643,0.9460437893867493
meta-llama-Llama-3.1-70B,pkah,20,0.2532,0.9590225208335326,0.5256755471621689,-0.034738079944415474,0.5604136271065844,11,1012,,0.593144416809082,0.6698169112205505,0.7329226732254028,0.8037655353546143,0.8999018669128418
meta-llama-Llama-3.1-70B,pkah,40,0.5063,0.789131447252792,0.7679251176223421,-0.04187604237827331,0.8098011600006154,11,1012,,0.4880799651145935,0.5770456790924072,0.6463844180107117,0.7428784370422363,0.8842155933380127
meta-llama-Llama-3.1-70B,pkah,60,0.7595,0.5730497360912966,0.7166749497777537,-0.04023720977110108,0.7569121595488548,11,1012,,0.4790111482143402,0.5511454343795776,0.6102468371391296,0.7047813534736633,0.8476144671440125
meta-llama-Llama-3.1-70B,pkah,79,1.0,0.9159224166348399,0.7629329201422239,-0.04292581684012974,0.8058587369823537,11,1012,,0.6842421889305115,0.816097617149353,0.849856436252594,0.8955515623092651,0.9468262195587158
meta-llama-Llama-3.1-70B,pkah question,0,0.0,0.984632881788107,0.7629245794133136,0.036069888515657754,0.7268546908976559,11,1012,,0.6085229516029358,0.7984554171562195,0.8763336539268494,0.9182783365249634,0.9647664427757263
meta-llama-Llama-3.1-70B,pkah question,20,0.2532,0.9681605472840366,0.6839823432658848,-0.03657708771951234,0.7205594309853971,11,1012,,0.5995659232139587,0.6750090718269348,0.7409589886665344,0.8161683678627014,0.911833643913269
meta-llama-Llama-3.1-70B,pkah question,40,0.5063,0.9710704478360909,0.7551584088227206,-0.0343352849507876,0.7894936937735082,11,1012,,0.5224747061729431,0.7507970929145813,0.808413565158844,0.8793625235557556,0.9441606402397156
meta-llama-Llama-3.1-70B,pkah question,60,0.7595,0.971618203998922,0.7414710772664923,-0.036303044298800914,0.7777741215652932,11,1012,,0.4844400882720947,0.73631751537323,0.799350917339325,0.86874920129776,0.9386517405509949
meta-llama-Llama-3.1-70B,pkah question,79,1.0,0.9759961649725668,0.7283437206295499,-0.03384471197865046,0.7621884326082004,11,1012,,0.48824042081832886,0.706814706325531,0.7568230628967285,0.8308674693107605,0.9197633862495422
meta-llama-Llama-3.1-70B,tpsa,0,0.0,0.9968360913637091,0.7659358357062989,-0.032933108412620565,0.7988689441189194,11,1012,,0.5582480430603027,0.6927087306976318,0.782153308391571,0.880884051322937,0.9466182589530945
meta-llama-Llama-3.1-70B,tpsa,20,0.2532,0.9762976083297565,0.49905010650195836,-0.033037529994809064,0.5320876364967674,11,1012,,0.6412776112556458,0.7114018201828003,0.7590621709823608,0.8247854113578796,0.9089259505271912
meta-llama-Llama-3.1-70B,tpsa,40,0.5063,0.877202056480035,0.6531506686618453,-0.040364153609523154,0.6935148222713685,11,1012,,0.5529034733772278,0.6279398202896118,0.6874831318855286,0.7766339182853699,0.9052765369415283
meta-llama-Llama-3.1-70B,tpsa,60,0.7595,0.757408847008034,0.632436049350521,-0.03949706897790579,0.6719331183284268,11,1012,,0.5395726561546326,0.6075880527496338,0.6684324145317078,0.765367329120636,0.8929011225700378
meta-llama-Llama-3.1-70B,tpsa,79,1.0,0.9398457969824093,0.6251906049356126,-0.02992639518759046,0.6551170001232031,11,1012,,0.735124409198761,0.8498842716217041,0.8990254402160645,0.952309787273407,0.9778988361358643
meta-llama-Llama-3.1-70B,tpsa question,0,0.0,0.9836794378594582,0.7667672783136368,0.030428622804262954,0.7363386555093738,11,1012,,0.5939156413078308,0.787766695022583,0.870769739151001,0.9144107103347778,0.9637013673782349
meta-llama-Llama-3.1-70B,tpsa question,20,0.2532,0.9636169287415708,0.6738928876686514,-0.0377961783969118,0.7116890660655633,11,1012,,0.6873840689659119,0.7472318410873413,0.7885391712188721,0.8536922931671143,0.9267258048057556
meta-llama-Llama-3.1-70B,tpsa question,40,0.5063,0.9678004128307574,0.7391010424808452,-0.036487746070878534,0.7755887885517238,11,1012,,0.812975287437439,0.8590953350067139,0.8931240439414978,0.9260260462760925,0.9647959470748901
meta-llama-Llama-3.1-70B,tpsa question,60,0.7595,0.9662646365063189,0.7283239407105404,-0.03644320564487917,0.7647671463554195,11,1012,,0.7970288395881653,0.8485369682312012,0.8795843124389648,0.9182024598121643,0.9611059427261353
meta-llama-Llama-3.1-70B,tpsa question,79,1.0,0.9726997730809425,0.6898588244394775,-0.03008307568163952,0.719941900121117,11,1012,,0.7060902118682861,0.7630384564399719,0.8051056861877441,0.8680405020713806,0.932667076587677
meta-llama-Llama-3.1-70B,water_solubility,0,0.0,0.9968721266004724,0.7680866099371199,-0.0333831450708517,0.8014697550079716,10,920,,0.5440986156463623,0.6873605847358704,0.7777358293533325,0.8762743473052979,0.9447052478790283
meta-llama-Llama-3.1-70B,water_solubility,20,0.2532,0.9664352962518502,0.44251657195650695,-0.030739845081721763,0.47325641703822874,10,920,,0.6756038069725037,0.7598034143447876,0.8142838478088379,0.8603005409240723,0.9291438460350037
meta-llama-Llama-3.1-70B,water_solubility,40,0.5063,0.8541730872421702,0.4231051870115232,-0.02916957427846709,0.45227476128999033,10,920,,0.5948609113693237,0.6898279190063477,0.7527817487716675,0.8242791295051575,0.9201326370239258
meta-llama-Llama-3.1-70B,water_solubility,60,0.7595,0.7563774787847128,0.25731349792923747,-0.0227900938036583,0.2801035917328958,10,920,,0.5449589490890503,0.6580323576927185,0.7199083566665649,0.8136582374572754,0.9028228521347046
meta-llama-Llama-3.1-70B,water_solubility,79,1.0,0.928614875103262,0.3914234958621755,-0.028431022762201823,0.41985451862437734,10,920,,0.8260835409164429,0.9090827107429504,0.9293997287750244,0.9519909024238586,0.978945255279541
meta-llama-Llama-3.1-70B,water_solubility question,0,0.0,0.9820484004832886,0.7606436087374102,0.04270992714970699,0.7179336815877032,10,920,,0.6217939853668213,0.8049086928367615,0.8776406049728394,0.9190831780433655,0.965655505657196
meta-llama-Llama-3.1-70B,water_solubility question,20,0.2532,0.9583718084400485,0.6455750316708234,-0.03814676346769907,0.6837217951385225,10,920,,0.6856368780136108,0.7425471544265747,0.7842658758163452,0.8529360294342041,0.9245852828025818
meta-llama-Llama-3.1-70B,water_solubility question,40,0.5063,0.9534934477491693,0.7416642768014419,-0.035667169225248124,0.77733144602669,10,920,,0.8011666536331177,0.8568863868713379,0.8862008452415466,0.927543580532074,0.966774582862854
meta-llama-Llama-3.1-70B,water_solubility question,60,0.7595,0.9498255050358907,0.7435956202578127,-0.03613049201777086,0.7797261122755835,10,920,,0.793984055519104,0.8590244054794312,0.891105055809021,0.930213451385498,0.9685155153274536
meta-llama-Llama-3.1-70B,water_solubility question,79,1.0,0.9669687918254307,0.691256857777868,-0.03211852379568052,0.7233753815735485,10,920,,0.7568604946136475,0.8154192566871643,0.8501637578010559,0.8925319910049438,0.9504400491714478
