model,layer,k,n_points,knn_template_index,knn_coarse_family,knn_functional_group
OpenDFM-ChemDFM-v1.5-8B,0,10,920,0.6662,0.5114,0.36
OpenDFM-ChemDFM-v1.5-8B,8,10,920,1.0,0.5588,0.2835
OpenDFM-ChemDFM-v1.5-8B,16,10,920,0.9057,0.6958,0.4066
OpenDFM-ChemDFM-v1.5-8B,24,10,920,0.526,0.9316,0.7901
OpenDFM-ChemDFM-v1.5-8B,31,10,920,0.5197,0.9454,0.8111
deepseek-ai-DeepSeek-R1-Distill-Llama-8B,0,10,920,0.6617,0.598,0.4603
deepseek-ai-DeepSeek-R1-Distill-Llama-8B,8,10,920,0.993,0.5115,0.2835
deepseek-ai-DeepSeek-R1-Distill-Llama-8B,16,10,920,0.9273,0.7208,0.4233
deepseek-ai-DeepSeek-R1-Distill-Llama-8B,24,10,920,0.7321,0.8852,0.63
deepseek-ai-DeepSeek-R1-Distill-Llama-8B,31,10,920,0.7862,0.877,0.5842
meta-llama-Llama-3.1-8B,0,10,920,0.657,0.5748,0.4385
meta-llama-Llama-3.1-8B,8,10,920,0.9893,0.5316,0.3007
meta-llama-Llama-3.1-8B,16,10,920,0.91,0.7101,0.3979
meta-llama-Llama-3.1-8B,24,10,920,0.6803,0.9421,0.6643
meta-llama-Llama-3.1-8B,31,10,920,0.7435,0.9422,0.5905
phenixace-Chem-R-Faithful,0,10,920,0.6529,0.5608,0.4158
phenixace-Chem-R-Faithful,8,10,920,0.9865,0.5586,0.2872
phenixace-Chem-R-Faithful,16,10,920,0.8795,0.6877,0.4236
phenixace-Chem-R-Faithful,24,10,920,0.4942,0.923,0.8021
phenixace-Chem-R-Faithful,31,10,920,0.455,0.933,0.8309
weidawang-Chem-R-8B,0,10,920,0.6498,0.5632,0.415
weidawang-Chem-R-8B,8,10,920,0.9877,0.5746,0.301
weidawang-Chem-R-8B,16,10,920,0.8923,0.6638,0.4065
weidawang-Chem-R-8B,24,10,920,0.6289,0.8778,0.6911
weidawang-Chem-R-8B,31,10,920,0.5941,0.9034,0.7192
