model,entity_type,layer,block,n_members,n_within_pairs,mean_within_z,mean_other_z,cohesion
OpenDFM-ChemDFM-v1.5-8B,functional_group,0,halide,4,6,1.186918,-0.043161,1.230079
OpenDFM-ChemDFM-v1.5-8B,functional_group,0,nitrogen,5,10,-0.350143,0.021748,-0.371891
OpenDFM-ChemDFM-v1.5-8B,functional_group,0,sulfur,4,6,1.186967,-0.043162,1.23013
OpenDFM-ChemDFM-v1.5-8B,functional_group,0,carbonyl,5,10,0.265268,-0.016476,0.281744
OpenDFM-ChemDFM-v1.5-8B,functional_group,8,halide,4,6,2.218968,-0.08069,2.299658
OpenDFM-ChemDFM-v1.5-8B,functional_group,8,nitrogen,5,10,0.114292,-0.007099,0.12139
OpenDFM-ChemDFM-v1.5-8B,functional_group,8,sulfur,4,6,1.200568,-0.043657,1.244225
OpenDFM-ChemDFM-v1.5-8B,functional_group,8,carbonyl,5,10,0.766399,-0.047602,0.814002
OpenDFM-ChemDFM-v1.5-8B,functional_group,16,halide,4,6,2.549616,-0.092713,2.64233
OpenDFM-ChemDFM-v1.5-8B,functional_group,16,nitrogen,5,10,0.254891,-0.015832,0.270723
OpenDFM-ChemDFM-v1.5-8B,functional_group,16,sulfur,4,6,1.508515,-0.054855,1.56337
OpenDFM-ChemDFM-v1.5-8B,functional_group,16,carbonyl,5,10,1.01679,-0.063155,1.079945
OpenDFM-ChemDFM-v1.5-8B,functional_group,24,halide,4,6,1.719255,-0.062518,1.781773
OpenDFM-ChemDFM-v1.5-8B,functional_group,24,nitrogen,5,10,0.596852,-0.037072,0.633924
OpenDFM-ChemDFM-v1.5-8B,functional_group,24,sulfur,4,6,1.987075,-0.072257,2.059332
OpenDFM-ChemDFM-v1.5-8B,functional_group,24,carbonyl,5,10,1.78273,-0.110729,1.893458
OpenDFM-ChemDFM-v1.5-8B,functional_group,31,halide,4,6,1.292594,-0.047003,1.339598
OpenDFM-ChemDFM-v1.5-8B,functional_group,31,nitrogen,5,10,0.600866,-0.037321,0.638186
OpenDFM-ChemDFM-v1.5-8B,functional_group,31,sulfur,4,6,2.356948,-0.085707,2.442655
OpenDFM-ChemDFM-v1.5-8B,functional_group,31,carbonyl,5,10,1.797082,-0.11162,1.908702
deepseek-ai-DeepSeek-R1-Distill-Llama-8B,functional_group,0,halide,4,6,1.572815,-0.057193,1.630008
deepseek-ai-DeepSeek-R1-Distill-Llama-8B,functional_group,0,nitrogen,5,10,-0.477184,0.029639,-0.506823
deepseek-ai-DeepSeek-R1-Distill-Llama-8B,functional_group,0,sulfur,4,6,0.947502,-0.034455,0.981957
deepseek-ai-DeepSeek-R1-Distill-Llama-8B,functional_group,0,carbonyl,5,10,0.468588,-0.029105,0.497693
deepseek-ai-DeepSeek-R1-Distill-Llama-8B,functional_group,8,halide,4,6,1.63316,-0.059388,1.692547
deepseek-ai-DeepSeek-R1-Distill-Llama-8B,functional_group,8,nitrogen,5,10,0.095188,-0.005912,0.1011
deepseek-ai-DeepSeek-R1-Distill-Llama-8B,functional_group,8,sulfur,4,6,0.933276,-0.033937,0.967214
deepseek-ai-DeepSeek-R1-Distill-Llama-8B,functional_group,8,carbonyl,5,10,0.732134,-0.045474,0.777608
deepseek-ai-DeepSeek-R1-Distill-Llama-8B,functional_group,16,halide,4,6,2.200225,-0.080008,2.280233
deepseek-ai-DeepSeek-R1-Distill-Llama-8B,functional_group,16,nitrogen,5,10,0.634513,-0.039411,0.673923
deepseek-ai-DeepSeek-R1-Distill-Llama-8B,functional_group,16,sulfur,4,6,1.293957,-0.047053,1.34101
deepseek-ai-DeepSeek-R1-Distill-Llama-8B,functional_group,16,carbonyl,5,10,1.452497,-0.090217,1.542715
deepseek-ai-DeepSeek-R1-Distill-Llama-8B,functional_group,24,halide,4,6,1.955621,-0.071113,2.026735
deepseek-ai-DeepSeek-R1-Distill-Llama-8B,functional_group,24,nitrogen,5,10,0.928743,-0.057686,0.986429
deepseek-ai-DeepSeek-R1-Distill-Llama-8B,functional_group,24,sulfur,4,6,1.956849,-0.071158,2.028007
deepseek-ai-DeepSeek-R1-Distill-Llama-8B,functional_group,24,carbonyl,5,10,1.588621,-0.098672,1.687293
deepseek-ai-DeepSeek-R1-Distill-Llama-8B,functional_group,31,halide,4,6,1.695347,-0.061649,1.756996
deepseek-ai-DeepSeek-R1-Distill-Llama-8B,functional_group,31,nitrogen,5,10,0.880505,-0.05469,0.935195
deepseek-ai-DeepSeek-R1-Distill-Llama-8B,functional_group,31,sulfur,4,6,2.373717,-0.086317,2.460034
deepseek-ai-DeepSeek-R1-Distill-Llama-8B,functional_group,31,carbonyl,5,10,1.705938,-0.105959,1.811897
meta-llama-Llama-3.1-8B,functional_group,0,halide,4,6,1.699275,-0.061792,1.761067
meta-llama-Llama-3.1-8B,functional_group,0,nitrogen,5,10,-0.392608,0.024386,-0.416993
meta-llama-Llama-3.1-8B,functional_group,0,sulfur,4,6,0.655106,-0.023822,0.678928
meta-llama-Llama-3.1-8B,functional_group,0,carbonyl,5,10,0.46258,-0.028732,0.491312
meta-llama-Llama-3.1-8B,functional_group,8,halide,4,6,1.720463,-0.062562,1.783026
meta-llama-Llama-3.1-8B,functional_group,8,nitrogen,5,10,0.215267,-0.013371,0.228637
meta-llama-Llama-3.1-8B,functional_group,8,sulfur,4,6,0.574345,-0.020885,0.59523
meta-llama-Llama-3.1-8B,functional_group,8,carbonyl,5,10,0.433193,-0.026906,0.4601
meta-llama-Llama-3.1-8B,functional_group,16,halide,4,6,1.46771,-0.053371,1.521081
meta-llama-Llama-3.1-8B,functional_group,16,nitrogen,5,10,0.83364,-0.051779,0.885419
meta-llama-Llama-3.1-8B,functional_group,16,sulfur,4,6,1.24159,-0.045149,1.286739
meta-llama-Llama-3.1-8B,functional_group,16,carbonyl,5,10,0.838234,-0.052064,0.890299
meta-llama-Llama-3.1-8B,functional_group,24,halide,4,6,1.54859,-0.056312,1.604902
meta-llama-Llama-3.1-8B,functional_group,24,nitrogen,5,10,1.282052,-0.079631,1.361683
meta-llama-Llama-3.1-8B,functional_group,24,sulfur,4,6,1.688736,-0.061409,1.750144
meta-llama-Llama-3.1-8B,functional_group,24,carbonyl,5,10,1.633468,-0.101458,1.734926
meta-llama-Llama-3.1-8B,functional_group,31,halide,4,6,0.818298,-0.029756,0.848055
meta-llama-Llama-3.1-8B,functional_group,31,nitrogen,5,10,1.47497,-0.091613,1.566583
meta-llama-Llama-3.1-8B,functional_group,31,sulfur,4,6,2.151151,-0.078224,2.229374
meta-llama-Llama-3.1-8B,functional_group,31,carbonyl,5,10,1.613646,-0.100226,1.713872
phenixace-Chem-R-Faithful,functional_group,0,halide,4,6,1.154352,-0.041976,1.196328
phenixace-Chem-R-Faithful,functional_group,0,nitrogen,5,10,-0.683873,0.042477,-0.726349
phenixace-Chem-R-Faithful,functional_group,0,sulfur,4,6,0.865747,-0.031482,0.897228
phenixace-Chem-R-Faithful,functional_group,0,carbonyl,5,10,0.598634,-0.037182,0.635816
phenixace-Chem-R-Faithful,functional_group,8,halide,4,6,2.254033,-0.081965,2.335998
phenixace-Chem-R-Faithful,functional_group,8,nitrogen,5,10,-0.046645,0.002897,-0.049542
phenixace-Chem-R-Faithful,functional_group,8,sulfur,4,6,1.061449,-0.038598,1.100047
phenixace-Chem-R-Faithful,functional_group,8,carbonyl,5,10,0.821788,-0.051043,0.872831
phenixace-Chem-R-Faithful,functional_group,16,halide,4,6,2.778793,-0.101047,2.87984
phenixace-Chem-R-Faithful,functional_group,16,nitrogen,5,10,0.333248,-0.020699,0.353947
phenixace-Chem-R-Faithful,functional_group,16,sulfur,4,6,0.835286,-0.030374,0.86566
phenixace-Chem-R-Faithful,functional_group,16,carbonyl,5,10,0.993524,-0.06171,1.055233
phenixace-Chem-R-Faithful,functional_group,24,halide,4,6,2.428916,-0.088324,2.51724
phenixace-Chem-R-Faithful,functional_group,24,nitrogen,5,10,0.399756,-0.02483,0.424585
phenixace-Chem-R-Faithful,functional_group,24,sulfur,4,6,1.573306,-0.057211,1.630517
phenixace-Chem-R-Faithful,functional_group,24,carbonyl,5,10,1.679665,-0.104327,1.783992
phenixace-Chem-R-Faithful,functional_group,31,halide,4,6,2.40086,-0.087304,2.488164
phenixace-Chem-R-Faithful,functional_group,31,nitrogen,5,10,0.82504,-0.051245,0.876285
phenixace-Chem-R-Faithful,functional_group,31,sulfur,4,6,1.728426,-0.062852,1.791278
phenixace-Chem-R-Faithful,functional_group,31,carbonyl,5,10,1.68215,-0.104481,1.786631
weidawang-Chem-R-8B,functional_group,0,halide,4,6,1.158675,-0.042134,1.200808
weidawang-Chem-R-8B,functional_group,0,nitrogen,5,10,-0.683709,0.042466,-0.726176
weidawang-Chem-R-8B,functional_group,0,sulfur,4,6,0.877108,-0.031895,0.909003
weidawang-Chem-R-8B,functional_group,0,carbonyl,5,10,0.624691,-0.038801,0.663492
weidawang-Chem-R-8B,functional_group,8,halide,4,6,2.257176,-0.082079,2.339255
weidawang-Chem-R-8B,functional_group,8,nitrogen,5,10,0.006219,-0.000386,0.006605
weidawang-Chem-R-8B,functional_group,8,sulfur,4,6,1.02288,-0.037196,1.060075
weidawang-Chem-R-8B,functional_group,8,carbonyl,5,10,0.828564,-0.051464,0.880027
weidawang-Chem-R-8B,functional_group,16,halide,4,6,2.730917,-0.099306,2.830223
weidawang-Chem-R-8B,functional_group,16,nitrogen,5,10,0.405498,-0.025186,0.430685
weidawang-Chem-R-8B,functional_group,16,sulfur,4,6,0.901799,-0.032793,0.934592
weidawang-Chem-R-8B,functional_group,16,carbonyl,5,10,0.983778,-0.061104,1.044883
weidawang-Chem-R-8B,functional_group,24,halide,4,6,2.415794,-0.087847,2.503641
weidawang-Chem-R-8B,functional_group,24,nitrogen,5,10,0.525596,-0.032646,0.558242
weidawang-Chem-R-8B,functional_group,24,sulfur,4,6,1.626576,-0.059148,1.685725
weidawang-Chem-R-8B,functional_group,24,carbonyl,5,10,1.586,-0.098509,1.684509
weidawang-Chem-R-8B,functional_group,31,halide,4,6,2.37565,-0.086387,2.462037
weidawang-Chem-R-8B,functional_group,31,nitrogen,5,10,0.935683,-0.058117,0.9938
weidawang-Chem-R-8B,functional_group,31,sulfur,4,6,1.753699,-0.063771,1.817469
weidawang-Chem-R-8B,functional_group,31,carbonyl,5,10,1.45474,-0.090357,1.545097
