model,entity_type,axis,layer,rank,n
meta-llama-Llama-3.1-8B,functional_group,inter_group,0,1,12
meta-llama-Llama-3.1-8B,functional_group,inter_group,0,2,4
meta-llama-Llama-3.1-8B,functional_group,inter_group,0,3,2
meta-llama-Llama-3.1-8B,functional_group,inter_group,0,10,2
meta-llama-Llama-3.1-8B,functional_group,inter_group,8,1,9
meta-llama-Llama-3.1-8B,functional_group,inter_group,8,2,6
meta-llama-Llama-3.1-8B,functional_group,inter_group,8,4,1
meta-llama-Llama-3.1-8B,functional_group,inter_group,8,5,1
meta-llama-Llama-3.1-8B,functional_group,inter_group,8,10,2
meta-llama-Llama-3.1-8B,functional_group,inter_group,8,11,1
meta-llama-Llama-3.1-8B,functional_group,inter_group,16,1,16
meta-llama-Llama-3.1-8B,functional_group,inter_group,16,2,1
meta-llama-Llama-3.1-8B,functional_group,inter_group,16,5,2
meta-llama-Llama-3.1-8B,functional_group,inter_group,16,6,1
meta-llama-Llama-3.1-8B,functional_group,inter_group,24,1,15
meta-llama-Llama-3.1-8B,functional_group,inter_group,24,2,4
meta-llama-Llama-3.1-8B,functional_group,inter_group,24,4,1
meta-llama-Llama-3.1-8B,functional_group,inter_group,31,1,16
meta-llama-Llama-3.1-8B,functional_group,inter_group,31,2,4
meta-llama-Llama-3.1-8B,functional_group,halide,0,1,4
meta-llama-Llama-3.1-8B,functional_group,halide,0,2,3
meta-llama-Llama-3.1-8B,functional_group,halide,0,3,1
meta-llama-Llama-3.1-8B,functional_group,halide,0,4,2
meta-llama-Llama-3.1-8B,functional_group,halide,0,5,2
meta-llama-Llama-3.1-8B,functional_group,halide,8,1,4
meta-llama-Llama-3.1-8B,functional_group,halide,8,3,3
meta-llama-Llama-3.1-8B,functional_group,halide,8,4,2
meta-llama-Llama-3.1-8B,functional_group,halide,8,5,3
meta-llama-Llama-3.1-8B,functional_group,halide,16,1,5
meta-llama-Llama-3.1-8B,functional_group,halide,16,2,5
meta-llama-Llama-3.1-8B,functional_group,halide,16,5,2
meta-llama-Llama-3.1-8B,functional_group,halide,24,1,7
meta-llama-Llama-3.1-8B,functional_group,halide,24,2,5
meta-llama-Llama-3.1-8B,functional_group,halide,31,1,6
meta-llama-Llama-3.1-8B,functional_group,halide,31,2,1
meta-llama-Llama-3.1-8B,functional_group,halide,31,5,1
meta-llama-Llama-3.1-8B,functional_group,halide,31,8,2
meta-llama-Llama-3.1-8B,functional_group,halide,31,10,2
meta-llama-Llama-3.1-8B,functional_group,carbon_ladder,0,1,43
meta-llama-Llama-3.1-8B,functional_group,carbon_ladder,0,2,33
meta-llama-Llama-3.1-8B,functional_group,carbon_ladder,0,3,16
meta-llama-Llama-3.1-8B,functional_group,carbon_ladder,0,4,11
meta-llama-Llama-3.1-8B,functional_group,carbon_ladder,0,5,7
meta-llama-Llama-3.1-8B,functional_group,carbon_ladder,0,6,19
meta-llama-Llama-3.1-8B,functional_group,carbon_ladder,0,7,10
meta-llama-Llama-3.1-8B,functional_group,carbon_ladder,0,8,13
meta-llama-Llama-3.1-8B,functional_group,carbon_ladder,0,9,6
meta-llama-Llama-3.1-8B,functional_group,carbon_ladder,0,10,9
meta-llama-Llama-3.1-8B,functional_group,carbon_ladder,0,11,6
meta-llama-Llama-3.1-8B,functional_group,carbon_ladder,0,12,4
meta-llama-Llama-3.1-8B,functional_group,carbon_ladder,0,13,2
meta-llama-Llama-3.1-8B,functional_group,carbon_ladder,0,14,5
meta-llama-Llama-3.1-8B,functional_group,carbon_ladder,0,16,2
meta-llama-Llama-3.1-8B,functional_group,carbon_ladder,0,17,2
meta-llama-Llama-3.1-8B,functional_group,carbon_ladder,0,18,1
meta-llama-Llama-3.1-8B,functional_group,carbon_ladder,0,19,3
meta-llama-Llama-3.1-8B,functional_group,carbon_ladder,0,20,1
meta-llama-Llama-3.1-8B,functional_group,carbon_ladder,0,21,2
meta-llama-Llama-3.1-8B,functional_group,carbon_ladder,0,22,1
meta-llama-Llama-3.1-8B,functional_group,carbon_ladder,0,23,2
meta-llama-Llama-3.1-8B,functional_group,carbon_ladder,0,24,2
meta-llama-Llama-3.1-8B,functional_group,carbon_ladder,0,26,4
meta-llama-Llama-3.1-8B,functional_group,carbon_ladder,0,27,2
meta-llama-Llama-3.1-8B,functional_group,carbon_ladder,0,28,1
meta-llama-Llama-3.1-8B,functional_group,carbon_ladder,0,29,4
meta-llama-Llama-3.1-8B,functional_group,carbon_ladder,0,30,1
meta-llama-Llama-3.1-8B,functional_group,carbon_ladder,0,31,1
meta-llama-Llama-3.1-8B,functional_group,carbon_ladder,0,32,1
meta-llama-Llama-3.1-8B,functional_group,carbon_ladder,0,38,2
meta-llama-Llama-3.1-8B,functional_group,carbon_ladder,0,39,1
meta-llama-Llama-3.1-8B,functional_group,carbon_ladder,0,41,1
meta-llama-Llama-3.1-8B,functional_group,carbon_ladder,0,44,1
meta-llama-Llama-3.1-8B,functional_group,carbon_ladder,0,45,1
meta-llama-Llama-3.1-8B,functional_group,carbon_ladder,0,46,2
meta-llama-Llama-3.1-8B,functional_group,carbon_ladder,0,59,2
meta-llama-Llama-3.1-8B,functional_group,carbon_ladder,0,72,2
meta-llama-Llama-3.1-8B,functional_group,carbon_ladder,0,74,2
meta-llama-Llama-3.1-8B,functional_group,carbon_ladder,8,1,22
meta-llama-Llama-3.1-8B,functional_group,carbon_ladder,8,2,21
meta-llama-Llama-3.1-8B,functional_group,carbon_ladder,8,3,17
meta-llama-Llama-3.1-8B,functional_group,carbon_ladder,8,4,19
meta-llama-Llama-3.1-8B,functional_group,carbon_ladder,8,5,18
meta-llama-Llama-3.1-8B,functional_group,carbon_ladder,8,6,8
meta-llama-Llama-3.1-8B,functional_group,carbon_ladder,8,7,13
meta-llama-Llama-3.1-8B,functional_group,carbon_ladder,8,8,13
meta-llama-Llama-3.1-8B,functional_group,carbon_ladder,8,9,8
meta-llama-Llama-3.1-8B,functional_group,carbon_ladder,8,10,7
meta-llama-Llama-3.1-8B,functional_group,carbon_ladder,8,11,7
meta-llama-Llama-3.1-8B,functional_group,carbon_ladder,8,12,4
meta-llama-Llama-3.1-8B,functional_group,carbon_ladder,8,13,7
meta-llama-Llama-3.1-8B,functional_group,carbon_ladder,8,14,4
meta-llama-Llama-3.1-8B,functional_group,carbon_ladder,8,15,6
meta-llama-Llama-3.1-8B,functional_group,carbon_ladder,8,16,2
meta-llama-Llama-3.1-8B,functional_group,carbon_ladder,8,17,4
meta-llama-Llama-3.1-8B,functional_group,carbon_ladder,8,18,1
meta-llama-Llama-3.1-8B,functional_group,carbon_ladder,8,19,3
meta-llama-Llama-3.1-8B,functional_group,carbon_ladder,8,20,3
meta-llama-Llama-3.1-8B,functional_group,carbon_ladder,8,21,3
meta-llama-Llama-3.1-8B,functional_group,carbon_ladder,8,22,2
meta-llama-Llama-3.1-8B,functional_group,carbon_ladder,8,23,6
meta-llama-Llama-3.1-8B,functional_group,carbon_ladder,8,24,3
meta-llama-Llama-3.1-8B,functional_group,carbon_ladder,8,26,2
meta-llama-Llama-3.1-8B,functional_group,carbon_ladder,8,28,1
meta-llama-Llama-3.1-8B,functional_group,carbon_ladder,8,30,2
meta-llama-Llama-3.1-8B,functional_group,carbon_ladder,8,32,1
meta-llama-Llama-3.1-8B,functional_group,carbon_ladder,8,34,7
meta-llama-Llama-3.1-8B,functional_group,carbon_ladder,8,36,2
meta-llama-Llama-3.1-8B,functional_group,carbon_ladder,8,38,1
meta-llama-Llama-3.1-8B,functional_group,carbon_ladder,8,40,1
meta-llama-Llama-3.1-8B,functional_group,carbon_ladder,8,45,1
meta-llama-Llama-3.1-8B,functional_group,carbon_ladder,8,46,3
meta-llama-Llama-3.1-8B,functional_group,carbon_ladder,8,49,2
meta-llama-Llama-3.1-8B,functional_group,carbon_ladder,8,62,2
meta-llama-Llama-3.1-8B,functional_group,carbon_ladder,8,74,2
meta-llama-Llama-3.1-8B,functional_group,carbon_ladder,16,1,46
meta-llama-Llama-3.1-8B,functional_group,carbon_ladder,16,2,59
meta-llama-Llama-3.1-8B,functional_group,carbon_ladder,16,3,34
meta-llama-Llama-3.1-8B,functional_group,carbon_ladder,16,4,17
meta-llama-Llama-3.1-8B,functional_group,carbon_ladder,16,5,22
meta-llama-Llama-3.1-8B,functional_group,carbon_ladder,16,6,5
meta-llama-Llama-3.1-8B,functional_group,carbon_ladder,16,7,13
meta-llama-Llama-3.1-8B,functional_group,carbon_ladder,16,8,11
meta-llama-Llama-3.1-8B,functional_group,carbon_ladder,16,9,1
meta-llama-Llama-3.1-8B,functional_group,carbon_ladder,16,10,5
meta-llama-Llama-3.1-8B,functional_group,carbon_ladder,16,11,1
meta-llama-Llama-3.1-8B,functional_group,carbon_ladder,16,13,2
meta-llama-Llama-3.1-8B,functional_group,carbon_ladder,16,15,4
meta-llama-Llama-3.1-8B,functional_group,carbon_ladder,16,17,1
meta-llama-Llama-3.1-8B,functional_group,carbon_ladder,16,19,1
meta-llama-Llama-3.1-8B,functional_group,carbon_ladder,16,21,1
meta-llama-Llama-3.1-8B,functional_group,carbon_ladder,16,23,2
meta-llama-Llama-3.1-8B,functional_group,carbon_ladder,16,29,1
meta-llama-Llama-3.1-8B,functional_group,carbon_ladder,16,66,2
meta-llama-Llama-3.1-8B,functional_group,carbon_ladder,24,1,104
meta-llama-Llama-3.1-8B,functional_group,carbon_ladder,24,2,55
meta-llama-Llama-3.1-8B,functional_group,carbon_ladder,24,3,20
meta-llama-Llama-3.1-8B,functional_group,carbon_ladder,24,4,20
meta-llama-Llama-3.1-8B,functional_group,carbon_ladder,24,5,9
meta-llama-Llama-3.1-8B,functional_group,carbon_ladder,24,6,8
meta-llama-Llama-3.1-8B,functional_group,carbon_ladder,24,7,4
meta-llama-Llama-3.1-8B,functional_group,carbon_ladder,24,8,2
meta-llama-Llama-3.1-8B,functional_group,carbon_ladder,24,9,2
meta-llama-Llama-3.1-8B,functional_group,carbon_ladder,24,10,2
meta-llama-Llama-3.1-8B,functional_group,carbon_ladder,24,15,2
meta-llama-Llama-3.1-8B,functional_group,carbon_ladder,31,1,124
meta-llama-Llama-3.1-8B,functional_group,carbon_ladder,31,2,55
meta-llama-Llama-3.1-8B,functional_group,carbon_ladder,31,3,22
meta-llama-Llama-3.1-8B,functional_group,carbon_ladder,31,4,3
meta-llama-Llama-3.1-8B,functional_group,carbon_ladder,31,5,4
meta-llama-Llama-3.1-8B,functional_group,carbon_ladder,31,6,3
meta-llama-Llama-3.1-8B,functional_group,carbon_ladder,31,7,3
meta-llama-Llama-3.1-8B,functional_group,carbon_ladder,31,8,2
meta-llama-Llama-3.1-8B,functional_group,carbon_ladder,31,9,2
meta-llama-Llama-3.1-8B,functional_group,carbon_ladder,31,10,2
meta-llama-Llama-3.1-8B,functional_group,carbon_ladder,31,11,2
meta-llama-Llama-3.1-8B,functional_group,carbon_ladder,31,12,2
meta-llama-Llama-3.1-8B,functional_group,carbon_ladder,31,14,2
meta-llama-Llama-3.1-8B,functional_group,carbon_ladder,31,16,2
phenixace-Chem-R-Faithful,functional_group,inter_group,0,1,8
phenixace-Chem-R-Faithful,functional_group,inter_group,0,2,4
phenixace-Chem-R-Faithful,functional_group,inter_group,0,3,4
phenixace-Chem-R-Faithful,functional_group,inter_group,0,4,1
phenixace-Chem-R-Faithful,functional_group,inter_group,0,5,3
phenixace-Chem-R-Faithful,functional_group,inter_group,8,1,14
phenixace-Chem-R-Faithful,functional_group,inter_group,8,2,3
phenixace-Chem-R-Faithful,functional_group,inter_group,8,5,1
phenixace-Chem-R-Faithful,functional_group,inter_group,8,8,2
phenixace-Chem-R-Faithful,functional_group,inter_group,16,1,16
phenixace-Chem-R-Faithful,functional_group,inter_group,16,2,2
phenixace-Chem-R-Faithful,functional_group,inter_group,16,13,2
phenixace-Chem-R-Faithful,functional_group,inter_group,24,1,18
phenixace-Chem-R-Faithful,functional_group,inter_group,24,10,2
phenixace-Chem-R-Faithful,functional_group,inter_group,31,1,16
phenixace-Chem-R-Faithful,functional_group,inter_group,31,2,2
phenixace-Chem-R-Faithful,functional_group,inter_group,31,16,2
phenixace-Chem-R-Faithful,functional_group,halide,0,1,5
phenixace-Chem-R-Faithful,functional_group,halide,0,2,1
phenixace-Chem-R-Faithful,functional_group,halide,0,3,2
phenixace-Chem-R-Faithful,functional_group,halide,0,4,2
phenixace-Chem-R-Faithful,functional_group,halide,0,6,2
phenixace-Chem-R-Faithful,functional_group,halide,8,1,8
phenixace-Chem-R-Faithful,functional_group,halide,8,2,4
phenixace-Chem-R-Faithful,functional_group,halide,16,1,8
phenixace-Chem-R-Faithful,functional_group,halide,16,2,4
phenixace-Chem-R-Faithful,functional_group,halide,24,1,8
phenixace-Chem-R-Faithful,functional_group,halide,24,2,2
phenixace-Chem-R-Faithful,functional_group,halide,24,3,2
phenixace-Chem-R-Faithful,functional_group,halide,31,1,8
phenixace-Chem-R-Faithful,functional_group,halide,31,3,2
phenixace-Chem-R-Faithful,functional_group,halide,31,8,2
phenixace-Chem-R-Faithful,functional_group,carbon_ladder,0,1,38
phenixace-Chem-R-Faithful,functional_group,carbon_ladder,0,2,31
phenixace-Chem-R-Faithful,functional_group,carbon_ladder,0,3,9
phenixace-Chem-R-Faithful,functional_group,carbon_ladder,0,4,10
phenixace-Chem-R-Faithful,functional_group,carbon_ladder,0,5,4
phenixace-Chem-R-Faithful,functional_group,carbon_ladder,0,6,7
phenixace-Chem-R-Faithful,functional_group,carbon_ladder,0,7,6
phenixace-Chem-R-Faithful,functional_group,carbon_ladder,0,8,2
phenixace-Chem-R-Faithful,functional_group,carbon_ladder,0,9,7
phenixace-Chem-R-Faithful,functional_group,carbon_ladder,0,10,2
phenixace-Chem-R-Faithful,functional_group,carbon_ladder,0,11,6
phenixace-Chem-R-Faithful,functional_group,carbon_ladder,0,12,3
phenixace-Chem-R-Faithful,functional_group,carbon_ladder,0,13,5
phenixace-Chem-R-Faithful,functional_group,carbon_ladder,0,14,7
phenixace-Chem-R-Faithful,functional_group,carbon_ladder,0,15,2
phenixace-Chem-R-Faithful,functional_group,carbon_ladder,0,17,1
phenixace-Chem-R-Faithful,functional_group,carbon_ladder,0,18,10
phenixace-Chem-R-Faithful,functional_group,carbon_ladder,0,19,4
phenixace-Chem-R-Faithful,functional_group,carbon_ladder,0,20,2
phenixace-Chem-R-Faithful,functional_group,carbon_ladder,0,22,1
phenixace-Chem-R-Faithful,functional_group,carbon_ladder,0,23,2
phenixace-Chem-R-Faithful,functional_group,carbon_ladder,0,24,3
phenixace-Chem-R-Faithful,functional_group,carbon_ladder,0,25,1
phenixace-Chem-R-Faithful,functional_group,carbon_ladder,0,27,4
phenixace-Chem-R-Faithful,functional_group,carbon_ladder,0,28,2
phenixace-Chem-R-Faithful,functional_group,carbon_ladder,0,29,3
phenixace-Chem-R-Faithful,functional_group,carbon_ladder,0,32,1
phenixace-Chem-R-Faithful,functional_group,carbon_ladder,0,33,6
phenixace-Chem-R-Faithful,functional_group,carbon_ladder,0,35,3
phenixace-Chem-R-Faithful,functional_group,carbon_ladder,0,36,5
phenixace-Chem-R-Faithful,functional_group,carbon_ladder,0,37,1
phenixace-Chem-R-Faithful,functional_group,carbon_ladder,0,38,5
phenixace-Chem-R-Faithful,functional_group,carbon_ladder,0,40,1
phenixace-Chem-R-Faithful,functional_group,carbon_ladder,0,41,3
phenixace-Chem-R-Faithful,functional_group,carbon_ladder,0,42,4
phenixace-Chem-R-Faithful,functional_group,carbon_ladder,0,43,3
phenixace-Chem-R-Faithful,functional_group,carbon_ladder,0,44,1
phenixace-Chem-R-Faithful,functional_group,carbon_ladder,0,45,1
phenixace-Chem-R-Faithful,functional_group,carbon_ladder,0,47,2
phenixace-Chem-R-Faithful,functional_group,carbon_ladder,0,51,3
phenixace-Chem-R-Faithful,functional_group,carbon_ladder,0,53,1
phenixace-Chem-R-Faithful,functional_group,carbon_ladder,0,56,1
phenixace-Chem-R-Faithful,functional_group,carbon_ladder,0,58,1
phenixace-Chem-R-Faithful,functional_group,carbon_ladder,0,59,1
phenixace-Chem-R-Faithful,functional_group,carbon_ladder,0,63,2
phenixace-Chem-R-Faithful,functional_group,carbon_ladder,0,66,1
phenixace-Chem-R-Faithful,functional_group,carbon_ladder,0,68,2
phenixace-Chem-R-Faithful,functional_group,carbon_ladder,0,69,2
phenixace-Chem-R-Faithful,functional_group,carbon_ladder,0,73,2
phenixace-Chem-R-Faithful,functional_group,carbon_ladder,0,74,4
phenixace-Chem-R-Faithful,functional_group,carbon_ladder,8,1,59
phenixace-Chem-R-Faithful,functional_group,carbon_ladder,8,2,37
phenixace-Chem-R-Faithful,functional_group,carbon_ladder,8,3,34
phenixace-Chem-R-Faithful,functional_group,carbon_ladder,8,4,23
phenixace-Chem-R-Faithful,functional_group,carbon_ladder,8,5,8
phenixace-Chem-R-Faithful,functional_group,carbon_ladder,8,6,15
phenixace-Chem-R-Faithful,functional_group,carbon_ladder,8,7,5
phenixace-Chem-R-Faithful,functional_group,carbon_ladder,8,8,8
phenixace-Chem-R-Faithful,functional_group,carbon_ladder,8,9,4
phenixace-Chem-R-Faithful,functional_group,carbon_ladder,8,10,2
phenixace-Chem-R-Faithful,functional_group,carbon_ladder,8,11,2
phenixace-Chem-R-Faithful,functional_group,carbon_ladder,8,13,8
phenixace-Chem-R-Faithful,functional_group,carbon_ladder,8,14,4
phenixace-Chem-R-Faithful,functional_group,carbon_ladder,8,15,3
phenixace-Chem-R-Faithful,functional_group,carbon_ladder,8,19,2
phenixace-Chem-R-Faithful,functional_group,carbon_ladder,8,21,2
phenixace-Chem-R-Faithful,functional_group,carbon_ladder,8,27,1
phenixace-Chem-R-Faithful,functional_group,carbon_ladder,8,29,1
phenixace-Chem-R-Faithful,functional_group,carbon_ladder,8,32,1
phenixace-Chem-R-Faithful,functional_group,carbon_ladder,8,37,1
phenixace-Chem-R-Faithful,functional_group,carbon_ladder,8,43,1
phenixace-Chem-R-Faithful,functional_group,carbon_ladder,8,48,2
phenixace-Chem-R-Faithful,functional_group,carbon_ladder,8,54,2
phenixace-Chem-R-Faithful,functional_group,carbon_ladder,8,62,1
phenixace-Chem-R-Faithful,functional_group,carbon_ladder,8,73,2
phenixace-Chem-R-Faithful,functional_group,carbon_ladder,16,1,118
phenixace-Chem-R-Faithful,functional_group,carbon_ladder,16,2,49
phenixace-Chem-R-Faithful,functional_group,carbon_ladder,16,3,16
phenixace-Chem-R-Faithful,functional_group,carbon_ladder,16,4,12
phenixace-Chem-R-Faithful,functional_group,carbon_ladder,16,5,7
phenixace-Chem-R-Faithful,functional_group,carbon_ladder,16,6,4
phenixace-Chem-R-Faithful,functional_group,carbon_ladder,16,7,4
phenixace-Chem-R-Faithful,functional_group,carbon_ladder,16,8,2
phenixace-Chem-R-Faithful,functional_group,carbon_ladder,16,9,2
phenixace-Chem-R-Faithful,functional_group,carbon_ladder,16,10,1
phenixace-Chem-R-Faithful,functional_group,carbon_ladder,16,13,4
phenixace-Chem-R-Faithful,functional_group,carbon_ladder,16,16,3
phenixace-Chem-R-Faithful,functional_group,carbon_ladder,16,17,2
phenixace-Chem-R-Faithful,functional_group,carbon_ladder,16,18,2
phenixace-Chem-R-Faithful,functional_group,carbon_ladder,16,31,2
phenixace-Chem-R-Faithful,functional_group,carbon_ladder,24,1,74
phenixace-Chem-R-Faithful,functional_group,carbon_ladder,24,2,45
phenixace-Chem-R-Faithful,functional_group,carbon_ladder,24,3,14
phenixace-Chem-R-Faithful,functional_group,carbon_ladder,24,4,16
phenixace-Chem-R-Faithful,functional_group,carbon_ladder,24,5,12
phenixace-Chem-R-Faithful,functional_group,carbon_ladder,24,6,7
phenixace-Chem-R-Faithful,functional_group,carbon_ladder,24,7,3
phenixace-Chem-R-Faithful,functional_group,carbon_ladder,24,8,9
phenixace-Chem-R-Faithful,functional_group,carbon_ladder,24,9,3
phenixace-Chem-R-Faithful,functional_group,carbon_ladder,24,10,3
phenixace-Chem-R-Faithful,functional_group,carbon_ladder,24,11,6
phenixace-Chem-R-Faithful,functional_group,carbon_ladder,24,12,6
phenixace-Chem-R-Faithful,functional_group,carbon_ladder,24,13,4
phenixace-Chem-R-Faithful,functional_group,carbon_ladder,24,14,3
phenixace-Chem-R-Faithful,functional_group,carbon_ladder,24,15,2
phenixace-Chem-R-Faithful,functional_group,carbon_ladder,24,16,3
phenixace-Chem-R-Faithful,functional_group,carbon_ladder,24,17,1
phenixace-Chem-R-Faithful,functional_group,carbon_ladder,24,20,1
phenixace-Chem-R-Faithful,functional_group,carbon_ladder,24,25,2
phenixace-Chem-R-Faithful,functional_group,carbon_ladder,24,35,6
phenixace-Chem-R-Faithful,functional_group,carbon_ladder,24,37,2
phenixace-Chem-R-Faithful,functional_group,carbon_ladder,24,39,2
phenixace-Chem-R-Faithful,functional_group,carbon_ladder,24,41,2
phenixace-Chem-R-Faithful,functional_group,carbon_ladder,24,54,2
phenixace-Chem-R-Faithful,functional_group,carbon_ladder,31,1,94
phenixace-Chem-R-Faithful,functional_group,carbon_ladder,31,2,42
phenixace-Chem-R-Faithful,functional_group,carbon_ladder,31,3,17
phenixace-Chem-R-Faithful,functional_group,carbon_ladder,31,4,11
phenixace-Chem-R-Faithful,functional_group,carbon_ladder,31,5,3
phenixace-Chem-R-Faithful,functional_group,carbon_ladder,31,6,9
phenixace-Chem-R-Faithful,functional_group,carbon_ladder,31,7,6
phenixace-Chem-R-Faithful,functional_group,carbon_ladder,31,8,9
phenixace-Chem-R-Faithful,functional_group,carbon_ladder,31,9,5
phenixace-Chem-R-Faithful,functional_group,carbon_ladder,31,10,4
phenixace-Chem-R-Faithful,functional_group,carbon_ladder,31,11,4
phenixace-Chem-R-Faithful,functional_group,carbon_ladder,31,12,2
phenixace-Chem-R-Faithful,functional_group,carbon_ladder,31,13,1
phenixace-Chem-R-Faithful,functional_group,carbon_ladder,31,15,1
phenixace-Chem-R-Faithful,functional_group,carbon_ladder,31,16,1
phenixace-Chem-R-Faithful,functional_group,carbon_ladder,31,18,1
phenixace-Chem-R-Faithful,functional_group,carbon_ladder,31,19,1
phenixace-Chem-R-Faithful,functional_group,carbon_ladder,31,20,1
phenixace-Chem-R-Faithful,functional_group,carbon_ladder,31,21,2
phenixace-Chem-R-Faithful,functional_group,carbon_ladder,31,22,2
phenixace-Chem-R-Faithful,functional_group,carbon_ladder,31,30,2
phenixace-Chem-R-Faithful,functional_group,carbon_ladder,31,36,2
phenixace-Chem-R-Faithful,functional_group,carbon_ladder,31,52,4
phenixace-Chem-R-Faithful,functional_group,carbon_ladder,31,56,2
phenixace-Chem-R-Faithful,functional_group,carbon_ladder,31,63,2
deepseek-ai-DeepSeek-R1-Distill-Llama-8B,functional_group,inter_group,0,1,10
deepseek-ai-DeepSeek-R1-Distill-Llama-8B,functional_group,inter_group,0,2,3
deepseek-ai-DeepSeek-R1-Distill-Llama-8B,functional_group,inter_group,0,3,5
deepseek-ai-DeepSeek-R1-Distill-Llama-8B,functional_group,inter_group,0,5,1
deepseek-ai-DeepSeek-R1-Distill-Llama-8B,functional_group,inter_group,0,10,1
deepseek-ai-DeepSeek-R1-Distill-Llama-8B,functional_group,inter_group,8,1,12
deepseek-ai-DeepSeek-R1-Distill-Llama-8B,functional_group,inter_group,8,2,4
deepseek-ai-DeepSeek-R1-Distill-Llama-8B,functional_group,inter_group,8,5,1
deepseek-ai-DeepSeek-R1-Distill-Llama-8B,functional_group,inter_group,8,6,1
deepseek-ai-DeepSeek-R1-Distill-Llama-8B,functional_group,inter_group,8,9,2
deepseek-ai-DeepSeek-R1-Distill-Llama-8B,functional_group,inter_group,16,1,16
deepseek-ai-DeepSeek-R1-Distill-Llama-8B,functional_group,inter_group,16,2,2
deepseek-ai-DeepSeek-R1-Distill-Llama-8B,functional_group,inter_group,16,4,2
deepseek-ai-DeepSeek-R1-Distill-Llama-8B,functional_group,inter_group,24,1,14
deepseek-ai-DeepSeek-R1-Distill-Llama-8B,functional_group,inter_group,24,2,4
deepseek-ai-DeepSeek-R1-Distill-Llama-8B,functional_group,inter_group,24,4,2
deepseek-ai-DeepSeek-R1-Distill-Llama-8B,functional_group,inter_group,31,1,12
deepseek-ai-DeepSeek-R1-Distill-Llama-8B,functional_group,inter_group,31,2,6
deepseek-ai-DeepSeek-R1-Distill-Llama-8B,functional_group,inter_group,31,4,2
deepseek-ai-DeepSeek-R1-Distill-Llama-8B,functional_group,halide,0,1,4
deepseek-ai-DeepSeek-R1-Distill-Llama-8B,functional_group,halide,0,2,4
deepseek-ai-DeepSeek-R1-Distill-Llama-8B,functional_group,halide,0,3,2
deepseek-ai-DeepSeek-R1-Distill-Llama-8B,functional_group,halide,0,6,2
deepseek-ai-DeepSeek-R1-Distill-Llama-8B,functional_group,halide,8,1,5
deepseek-ai-DeepSeek-R1-Distill-Llama-8B,functional_group,halide,8,3,4
deepseek-ai-DeepSeek-R1-Distill-Llama-8B,functional_group,halide,8,4,3
deepseek-ai-DeepSeek-R1-Distill-Llama-8B,functional_group,halide,16,1,6
deepseek-ai-DeepSeek-R1-Distill-Llama-8B,functional_group,halide,16,2,4
deepseek-ai-DeepSeek-R1-Distill-Llama-8B,functional_group,halide,16,3,2
deepseek-ai-DeepSeek-R1-Distill-Llama-8B,functional_group,halide,24,1,8
deepseek-ai-DeepSeek-R1-Distill-Llama-8B,functional_group,halide,24,2,4
deepseek-ai-DeepSeek-R1-Distill-Llama-8B,functional_group,halide,31,1,6
deepseek-ai-DeepSeek-R1-Distill-Llama-8B,functional_group,halide,31,2,1
deepseek-ai-DeepSeek-R1-Distill-Llama-8B,functional_group,halide,31,3,3
deepseek-ai-DeepSeek-R1-Distill-Llama-8B,functional_group,halide,31,4,2
deepseek-ai-DeepSeek-R1-Distill-Llama-8B,functional_group,carbon_ladder,0,1,42
deepseek-ai-DeepSeek-R1-Distill-Llama-8B,functional_group,carbon_ladder,0,2,38
deepseek-ai-DeepSeek-R1-Distill-Llama-8B,functional_group,carbon_ladder,0,3,11
deepseek-ai-DeepSeek-R1-Distill-Llama-8B,functional_group,carbon_ladder,0,4,17
deepseek-ai-DeepSeek-R1-Distill-Llama-8B,functional_group,carbon_ladder,0,5,14
deepseek-ai-DeepSeek-R1-Distill-Llama-8B,functional_group,carbon_ladder,0,6,16
deepseek-ai-DeepSeek-R1-Distill-Llama-8B,functional_group,carbon_ladder,0,7,12
deepseek-ai-DeepSeek-R1-Distill-Llama-8B,functional_group,carbon_ladder,0,8,6
deepseek-ai-DeepSeek-R1-Distill-Llama-8B,functional_group,carbon_ladder,0,9,4
deepseek-ai-DeepSeek-R1-Distill-Llama-8B,functional_group,carbon_ladder,0,10,4
deepseek-ai-DeepSeek-R1-Distill-Llama-8B,functional_group,carbon_ladder,0,11,6
deepseek-ai-DeepSeek-R1-Distill-Llama-8B,functional_group,carbon_ladder,0,12,8
deepseek-ai-DeepSeek-R1-Distill-Llama-8B,functional_group,carbon_ladder,0,13,3
deepseek-ai-DeepSeek-R1-Distill-Llama-8B,functional_group,carbon_ladder,0,14,1
deepseek-ai-DeepSeek-R1-Distill-Llama-8B,functional_group,carbon_ladder,0,15,2
deepseek-ai-DeepSeek-R1-Distill-Llama-8B,functional_group,carbon_ladder,0,17,1
deepseek-ai-DeepSeek-R1-Distill-Llama-8B,functional_group,carbon_ladder,0,18,1
deepseek-ai-DeepSeek-R1-Distill-Llama-8B,functional_group,carbon_ladder,0,19,3
deepseek-ai-DeepSeek-R1-Distill-Llama-8B,functional_group,carbon_ladder,0,20,1
deepseek-ai-DeepSeek-R1-Distill-Llama-8B,functional_group,carbon_ladder,0,21,2
deepseek-ai-DeepSeek-R1-Distill-Llama-8B,functional_group,carbon_ladder,0,22,1
deepseek-ai-DeepSeek-R1-Distill-Llama-8B,functional_group,carbon_ladder,0,25,1
deepseek-ai-DeepSeek-R1-Distill-Llama-8B,functional_group,carbon_ladder,0,26,2
deepseek-ai-DeepSeek-R1-Distill-Llama-8B,functional_group,carbon_ladder,0,27,1
deepseek-ai-DeepSeek-R1-Distill-Llama-8B,functional_group,carbon_ladder,0,28,1
deepseek-ai-DeepSeek-R1-Distill-Llama-8B,functional_group,carbon_ladder,0,30,1
deepseek-ai-DeepSeek-R1-Distill-Llama-8B,functional_group,carbon_ladder,0,35,3
deepseek-ai-DeepSeek-R1-Distill-Llama-8B,functional_group,carbon_ladder,0,37,1
deepseek-ai-DeepSeek-R1-Distill-Llama-8B,functional_group,carbon_ladder,0,39,2
deepseek-ai-DeepSeek-R1-Distill-Llama-8B,functional_group,carbon_ladder,0,43,2
deepseek-ai-DeepSeek-R1-Distill-Llama-8B,functional_group,carbon_ladder,0,45,2
deepseek-ai-DeepSeek-R1-Distill-Llama-8B,functional_group,carbon_ladder,0,46,2
deepseek-ai-DeepSeek-R1-Distill-Llama-8B,functional_group,carbon_ladder,0,47,3
deepseek-ai-DeepSeek-R1-Distill-Llama-8B,functional_group,carbon_ladder,0,52,4
deepseek-ai-DeepSeek-R1-Distill-Llama-8B,functional_group,carbon_ladder,0,56,2
deepseek-ai-DeepSeek-R1-Distill-Llama-8B,functional_group,carbon_ladder,0,61,2
deepseek-ai-DeepSeek-R1-Distill-Llama-8B,functional_group,carbon_ladder,0,67,2
deepseek-ai-DeepSeek-R1-Distill-Llama-8B,functional_group,carbon_ladder,0,74,4
deepseek-ai-DeepSeek-R1-Distill-Llama-8B,functional_group,carbon_ladder,8,1,17
deepseek-ai-DeepSeek-R1-Distill-Llama-8B,functional_group,carbon_ladder,8,2,21
deepseek-ai-DeepSeek-R1-Distill-Llama-8B,functional_group,carbon_ladder,8,3,20
deepseek-ai-DeepSeek-R1-Distill-Llama-8B,functional_group,carbon_ladder,8,4,14
deepseek-ai-DeepSeek-R1-Distill-Llama-8B,functional_group,carbon_ladder,8,5,17
deepseek-ai-DeepSeek-R1-Distill-Llama-8B,functional_group,carbon_ladder,8,6,18
deepseek-ai-DeepSeek-R1-Distill-Llama-8B,functional_group,carbon_ladder,8,7,7
deepseek-ai-DeepSeek-R1-Distill-Llama-8B,functional_group,carbon_ladder,8,8,13
deepseek-ai-DeepSeek-R1-Distill-Llama-8B,functional_group,carbon_ladder,8,9,5
deepseek-ai-DeepSeek-R1-Distill-Llama-8B,functional_group,carbon_ladder,8,10,10
deepseek-ai-DeepSeek-R1-Distill-Llama-8B,functional_group,carbon_ladder,8,11,5
deepseek-ai-DeepSeek-R1-Distill-Llama-8B,functional_group,carbon_ladder,8,12,10
deepseek-ai-DeepSeek-R1-Distill-Llama-8B,functional_group,carbon_ladder,8,13,3
deepseek-ai-DeepSeek-R1-Distill-Llama-8B,functional_group,carbon_ladder,8,14,9
deepseek-ai-DeepSeek-R1-Distill-Llama-8B,functional_group,carbon_ladder,8,16,9
deepseek-ai-DeepSeek-R1-Distill-Llama-8B,functional_group,carbon_ladder,8,17,3
deepseek-ai-DeepSeek-R1-Distill-Llama-8B,functional_group,carbon_ladder,8,18,8
deepseek-ai-DeepSeek-R1-Distill-Llama-8B,functional_group,carbon_ladder,8,19,5
deepseek-ai-DeepSeek-R1-Distill-Llama-8B,functional_group,carbon_ladder,8,20,2
deepseek-ai-DeepSeek-R1-Distill-Llama-8B,functional_group,carbon_ladder,8,21,1
deepseek-ai-DeepSeek-R1-Distill-Llama-8B,functional_group,carbon_ladder,8,23,1
deepseek-ai-DeepSeek-R1-Distill-Llama-8B,functional_group,carbon_ladder,8,25,2
deepseek-ai-DeepSeek-R1-Distill-Llama-8B,functional_group,carbon_ladder,8,26,3
deepseek-ai-DeepSeek-R1-Distill-Llama-8B,functional_group,carbon_ladder,8,27,3
deepseek-ai-DeepSeek-R1-Distill-Llama-8B,functional_group,carbon_ladder,8,28,2
deepseek-ai-DeepSeek-R1-Distill-Llama-8B,functional_group,carbon_ladder,8,33,2
deepseek-ai-DeepSeek-R1-Distill-Llama-8B,functional_group,carbon_ladder,8,34,1
deepseek-ai-DeepSeek-R1-Distill-Llama-8B,functional_group,carbon_ladder,8,35,4
deepseek-ai-DeepSeek-R1-Distill-Llama-8B,functional_group,carbon_ladder,8,36,1
deepseek-ai-DeepSeek-R1-Distill-Llama-8B,functional_group,carbon_ladder,8,38,2
deepseek-ai-DeepSeek-R1-Distill-Llama-8B,functional_group,carbon_ladder,8,45,1
deepseek-ai-DeepSeek-R1-Distill-Llama-8B,functional_group,carbon_ladder,8,47,2
deepseek-ai-DeepSeek-R1-Distill-Llama-8B,functional_group,carbon_ladder,8,48,2
deepseek-ai-DeepSeek-R1-Distill-Llama-8B,functional_group,carbon_ladder,8,50,1
deepseek-ai-DeepSeek-R1-Distill-Llama-8B,functional_group,carbon_ladder,8,57,2
deepseek-ai-DeepSeek-R1-Distill-Llama-8B,functional_group,carbon_ladder,8,70,2
deepseek-ai-DeepSeek-R1-Distill-Llama-8B,functional_group,carbon_ladder,16,1,105
deepseek-ai-DeepSeek-R1-Distill-Llama-8B,functional_group,carbon_ladder,16,2,32
deepseek-ai-DeepSeek-R1-Distill-Llama-8B,functional_group,carbon_ladder,16,3,23
deepseek-ai-DeepSeek-R1-Distill-Llama-8B,functional_group,carbon_ladder,16,4,19
deepseek-ai-DeepSeek-R1-Distill-Llama-8B,functional_group,carbon_ladder,16,5,9
deepseek-ai-DeepSeek-R1-Distill-Llama-8B,functional_group,carbon_ladder,16,6,10
deepseek-ai-DeepSeek-R1-Distill-Llama-8B,functional_group,carbon_ladder,16,7,5
deepseek-ai-DeepSeek-R1-Distill-Llama-8B,functional_group,carbon_ladder,16,8,4
deepseek-ai-DeepSeek-R1-Distill-Llama-8B,functional_group,carbon_ladder,16,9,1
deepseek-ai-DeepSeek-R1-Distill-Llama-8B,functional_group,carbon_ladder,16,10,2
deepseek-ai-DeepSeek-R1-Distill-Llama-8B,functional_group,carbon_ladder,16,11,4
deepseek-ai-DeepSeek-R1-Distill-Llama-8B,functional_group,carbon_ladder,16,12,2
deepseek-ai-DeepSeek-R1-Distill-Llama-8B,functional_group,carbon_ladder,16,13,4
deepseek-ai-DeepSeek-R1-Distill-Llama-8B,functional_group,carbon_ladder,16,14,5
deepseek-ai-DeepSeek-R1-Distill-Llama-8B,functional_group,carbon_ladder,16,15,2
deepseek-ai-DeepSeek-R1-Distill-Llama-8B,functional_group,carbon_ladder,16,23,1
deepseek-ai-DeepSeek-R1-Distill-Llama-8B,functional_group,carbon_ladder,24,1,125
deepseek-ai-DeepSeek-R1-Distill-Llama-8B,functional_group,carbon_ladder,24,2,50
deepseek-ai-DeepSeek-R1-Distill-Llama-8B,functional_group,carbon_ladder,24,3,15
deepseek-ai-DeepSeek-R1-Distill-Llama-8B,functional_group,carbon_ladder,24,4,20
deepseek-ai-DeepSeek-R1-Distill-Llama-8B,functional_group,carbon_ladder,24,5,10
deepseek-ai-DeepSeek-R1-Distill-Llama-8B,functional_group,carbon_ladder,24,6,4
deepseek-ai-DeepSeek-R1-Distill-Llama-8B,functional_group,carbon_ladder,24,7,2
deepseek-ai-DeepSeek-R1-Distill-Llama-8B,functional_group,carbon_ladder,24,8,2
deepseek-ai-DeepSeek-R1-Distill-Llama-8B,functional_group,carbon_ladder,31,1,145
deepseek-ai-DeepSeek-R1-Distill-Llama-8B,functional_group,carbon_ladder,31,2,44
deepseek-ai-DeepSeek-R1-Distill-Llama-8B,functional_group,carbon_ladder,31,3,15
deepseek-ai-DeepSeek-R1-Distill-Llama-8B,functional_group,carbon_ladder,31,4,13
deepseek-ai-DeepSeek-R1-Distill-Llama-8B,functional_group,carbon_ladder,31,5,1
deepseek-ai-DeepSeek-R1-Distill-Llama-8B,functional_group,carbon_ladder,31,6,2
deepseek-ai-DeepSeek-R1-Distill-Llama-8B,functional_group,carbon_ladder,31,7,2
deepseek-ai-DeepSeek-R1-Distill-Llama-8B,functional_group,carbon_ladder,31,8,4
deepseek-ai-DeepSeek-R1-Distill-Llama-8B,functional_group,carbon_ladder,31,10,2
weidawang-Chem-R-8B,functional_group,inter_group,0,1,7
weidawang-Chem-R-8B,functional_group,inter_group,0,2,4
weidawang-Chem-R-8B,functional_group,inter_group,0,3,5
weidawang-Chem-R-8B,functional_group,inter_group,0,4,1
weidawang-Chem-R-8B,functional_group,inter_group,0,5,1
weidawang-Chem-R-8B,functional_group,inter_group,0,6,2
weidawang-Chem-R-8B,functional_group,inter_group,8,1,12
weidawang-Chem-R-8B,functional_group,inter_group,8,2,5
weidawang-Chem-R-8B,functional_group,inter_group,8,4,1
weidawang-Chem-R-8B,functional_group,inter_group,8,8,2
weidawang-Chem-R-8B,functional_group,inter_group,16,1,16
weidawang-Chem-R-8B,functional_group,inter_group,16,2,1
weidawang-Chem-R-8B,functional_group,inter_group,16,3,1
weidawang-Chem-R-8B,functional_group,inter_group,16,12,2
weidawang-Chem-R-8B,functional_group,inter_group,24,1,18
weidawang-Chem-R-8B,functional_group,inter_group,24,9,2
weidawang-Chem-R-8B,functional_group,inter_group,31,1,15
weidawang-Chem-R-8B,functional_group,inter_group,31,2,3
weidawang-Chem-R-8B,functional_group,inter_group,31,15,2
weidawang-Chem-R-8B,functional_group,halide,0,1,5
weidawang-Chem-R-8B,functional_group,halide,0,2,1
weidawang-Chem-R-8B,functional_group,halide,0,3,2
weidawang-Chem-R-8B,functional_group,halide,0,4,2
weidawang-Chem-R-8B,functional_group,halide,0,7,2
weidawang-Chem-R-8B,functional_group,halide,8,1,8
weidawang-Chem-R-8B,functional_group,halide,8,2,4
weidawang-Chem-R-8B,functional_group,halide,16,1,8
weidawang-Chem-R-8B,functional_group,halide,16,2,4
weidawang-Chem-R-8B,functional_group,halide,24,1,8
weidawang-Chem-R-8B,functional_group,halide,24,2,2
weidawang-Chem-R-8B,functional_group,halide,24,3,2
weidawang-Chem-R-8B,functional_group,halide,31,1,8
weidawang-Chem-R-8B,functional_group,halide,31,7,2
weidawang-Chem-R-8B,functional_group,halide,31,8,2
weidawang-Chem-R-8B,functional_group,carbon_ladder,0,1,37
weidawang-Chem-R-8B,functional_group,carbon_ladder,0,2,35
weidawang-Chem-R-8B,functional_group,carbon_ladder,0,3,8
weidawang-Chem-R-8B,functional_group,carbon_ladder,0,4,8
weidawang-Chem-R-8B,functional_group,carbon_ladder,0,5,5
weidawang-Chem-R-8B,functional_group,carbon_ladder,0,6,4
weidawang-Chem-R-8B,functional_group,carbon_ladder,0,7,8
weidawang-Chem-R-8B,functional_group,carbon_ladder,0,8,2
weidawang-Chem-R-8B,functional_group,carbon_ladder,0,9,6
weidawang-Chem-R-8B,functional_group,carbon_ladder,0,10,3
weidawang-Chem-R-8B,functional_group,carbon_ladder,0,11,6
weidawang-Chem-R-8B,functional_group,carbon_ladder,0,12,4
weidawang-Chem-R-8B,functional_group,carbon_ladder,0,13,4
weidawang-Chem-R-8B,functional_group,carbon_ladder,0,14,6
weidawang-Chem-R-8B,functional_group,carbon_ladder,0,15,2
weidawang-Chem-R-8B,functional_group,carbon_ladder,0,16,2
weidawang-Chem-R-8B,functional_group,carbon_ladder,0,17,3
weidawang-Chem-R-8B,functional_group,carbon_ladder,0,18,8
weidawang-Chem-R-8B,functional_group,carbon_ladder,0,19,2
weidawang-Chem-R-8B,functional_group,carbon_ladder,0,20,2
weidawang-Chem-R-8B,functional_group,carbon_ladder,0,21,2
weidawang-Chem-R-8B,functional_group,carbon_ladder,0,22,1
weidawang-Chem-R-8B,functional_group,carbon_ladder,0,23,1
weidawang-Chem-R-8B,functional_group,carbon_ladder,0,24,3
weidawang-Chem-R-8B,functional_group,carbon_ladder,0,25,1
weidawang-Chem-R-8B,functional_group,carbon_ladder,0,26,2
weidawang-Chem-R-8B,functional_group,carbon_ladder,0,27,1
weidawang-Chem-R-8B,functional_group,carbon_ladder,0,28,4
weidawang-Chem-R-8B,functional_group,carbon_ladder,0,29,2
weidawang-Chem-R-8B,functional_group,carbon_ladder,0,30,1
weidawang-Chem-R-8B,functional_group,carbon_ladder,0,32,1
weidawang-Chem-R-8B,functional_group,carbon_ladder,0,33,4
weidawang-Chem-R-8B,functional_group,carbon_ladder,0,34,2
weidawang-Chem-R-8B,functional_group,carbon_ladder,0,35,3
weidawang-Chem-R-8B,functional_group,carbon_ladder,0,36,4
weidawang-Chem-R-8B,functional_group,carbon_ladder,0,37,2
weidawang-Chem-R-8B,functional_group,carbon_ladder,0,39,10
weidawang-Chem-R-8B,functional_group,carbon_ladder,0,40,1
weidawang-Chem-R-8B,functional_group,carbon_ladder,0,41,2
weidawang-Chem-R-8B,functional_group,carbon_ladder,0,43,1
weidawang-Chem-R-8B,functional_group,carbon_ladder,0,44,3
weidawang-Chem-R-8B,functional_group,carbon_ladder,0,45,1
weidawang-Chem-R-8B,functional_group,carbon_ladder,0,46,1
weidawang-Chem-R-8B,functional_group,carbon_ladder,0,47,2
weidawang-Chem-R-8B,functional_group,carbon_ladder,0,52,1
weidawang-Chem-R-8B,functional_group,carbon_ladder,0,56,2
weidawang-Chem-R-8B,functional_group,carbon_ladder,0,58,1
weidawang-Chem-R-8B,functional_group,carbon_ladder,0,60,1
weidawang-Chem-R-8B,functional_group,carbon_ladder,0,63,2
weidawang-Chem-R-8B,functional_group,carbon_ladder,0,65,1
weidawang-Chem-R-8B,functional_group,carbon_ladder,0,68,4
weidawang-Chem-R-8B,functional_group,carbon_ladder,0,73,2
weidawang-Chem-R-8B,functional_group,carbon_ladder,0,74,4
weidawang-Chem-R-8B,functional_group,carbon_ladder,8,1,57
weidawang-Chem-R-8B,functional_group,carbon_ladder,8,2,35
weidawang-Chem-R-8B,functional_group,carbon_ladder,8,3,37
weidawang-Chem-R-8B,functional_group,carbon_ladder,8,4,23
weidawang-Chem-R-8B,functional_group,carbon_ladder,8,5,9
weidawang-Chem-R-8B,functional_group,carbon_ladder,8,6,13
weidawang-Chem-R-8B,functional_group,carbon_ladder,8,7,3
weidawang-Chem-R-8B,functional_group,carbon_ladder,8,8,10
weidawang-Chem-R-8B,functional_group,carbon_ladder,8,9,6
weidawang-Chem-R-8B,functional_group,carbon_ladder,8,12,6
weidawang-Chem-R-8B,functional_group,carbon_ladder,8,13,2
weidawang-Chem-R-8B,functional_group,carbon_ladder,8,14,3
weidawang-Chem-R-8B,functional_group,carbon_ladder,8,15,3
weidawang-Chem-R-8B,functional_group,carbon_ladder,8,16,5
weidawang-Chem-R-8B,functional_group,carbon_ladder,8,20,2
weidawang-Chem-R-8B,functional_group,carbon_ladder,8,21,2
weidawang-Chem-R-8B,functional_group,carbon_ladder,8,23,1
weidawang-Chem-R-8B,functional_group,carbon_ladder,8,32,1
weidawang-Chem-R-8B,functional_group,carbon_ladder,8,33,1
weidawang-Chem-R-8B,functional_group,carbon_ladder,8,36,1
weidawang-Chem-R-8B,functional_group,carbon_ladder,8,42,1
weidawang-Chem-R-8B,functional_group,carbon_ladder,8,46,2
weidawang-Chem-R-8B,functional_group,carbon_ladder,8,55,2
weidawang-Chem-R-8B,functional_group,carbon_ladder,8,62,1
weidawang-Chem-R-8B,functional_group,carbon_ladder,8,73,2
weidawang-Chem-R-8B,functional_group,carbon_ladder,16,1,110
weidawang-Chem-R-8B,functional_group,carbon_ladder,16,2,52
weidawang-Chem-R-8B,functional_group,carbon_ladder,16,3,17
weidawang-Chem-R-8B,functional_group,carbon_ladder,16,4,14
weidawang-Chem-R-8B,functional_group,carbon_ladder,16,5,7
weidawang-Chem-R-8B,functional_group,carbon_ladder,16,6,5
weidawang-Chem-R-8B,functional_group,carbon_ladder,16,7,5
weidawang-Chem-R-8B,functional_group,carbon_ladder,16,9,4
weidawang-Chem-R-8B,functional_group,carbon_ladder,16,10,1
weidawang-Chem-R-8B,functional_group,carbon_ladder,16,12,2
weidawang-Chem-R-8B,functional_group,carbon_ladder,16,13,2
weidawang-Chem-R-8B,functional_group,carbon_ladder,16,16,5
weidawang-Chem-R-8B,functional_group,carbon_ladder,16,20,2
weidawang-Chem-R-8B,functional_group,carbon_ladder,16,28,2
weidawang-Chem-R-8B,functional_group,carbon_ladder,24,1,76
weidawang-Chem-R-8B,functional_group,carbon_ladder,24,2,43
weidawang-Chem-R-8B,functional_group,carbon_ladder,24,3,13
weidawang-Chem-R-8B,functional_group,carbon_ladder,24,4,17
weidawang-Chem-R-8B,functional_group,carbon_ladder,24,5,8
weidawang-Chem-R-8B,functional_group,carbon_ladder,24,6,8
weidawang-Chem-R-8B,functional_group,carbon_ladder,24,7,6
weidawang-Chem-R-8B,functional_group,carbon_ladder,24,8,9
weidawang-Chem-R-8B,functional_group,carbon_ladder,24,9,4
weidawang-Chem-R-8B,functional_group,carbon_ladder,24,10,5
weidawang-Chem-R-8B,functional_group,carbon_ladder,24,11,4
weidawang-Chem-R-8B,functional_group,carbon_ladder,24,12,2
weidawang-Chem-R-8B,functional_group,carbon_ladder,24,13,4
weidawang-Chem-R-8B,functional_group,carbon_ladder,24,14,2
weidawang-Chem-R-8B,functional_group,carbon_ladder,24,17,7
weidawang-Chem-R-8B,functional_group,carbon_ladder,24,18,3
weidawang-Chem-R-8B,functional_group,carbon_ladder,24,20,1
weidawang-Chem-R-8B,functional_group,carbon_ladder,24,26,2
weidawang-Chem-R-8B,functional_group,carbon_ladder,24,27,2
weidawang-Chem-R-8B,functional_group,carbon_ladder,24,28,2
weidawang-Chem-R-8B,functional_group,carbon_ladder,24,37,2
weidawang-Chem-R-8B,functional_group,carbon_ladder,24,39,2
weidawang-Chem-R-8B,functional_group,carbon_ladder,24,41,2
weidawang-Chem-R-8B,functional_group,carbon_ladder,24,43,2
weidawang-Chem-R-8B,functional_group,carbon_ladder,24,52,2
weidawang-Chem-R-8B,functional_group,carbon_ladder,31,1,90
weidawang-Chem-R-8B,functional_group,carbon_ladder,31,2,37
weidawang-Chem-R-8B,functional_group,carbon_ladder,31,3,13
weidawang-Chem-R-8B,functional_group,carbon_ladder,31,4,18
weidawang-Chem-R-8B,functional_group,carbon_ladder,31,5,6
weidawang-Chem-R-8B,functional_group,carbon_ladder,31,6,9
weidawang-Chem-R-8B,functional_group,carbon_ladder,31,7,10
weidawang-Chem-R-8B,functional_group,carbon_ladder,31,8,8
weidawang-Chem-R-8B,functional_group,carbon_ladder,31,9,9
weidawang-Chem-R-8B,functional_group,carbon_ladder,31,10,4
weidawang-Chem-R-8B,functional_group,carbon_ladder,31,11,1
weidawang-Chem-R-8B,functional_group,carbon_ladder,31,12,1
weidawang-Chem-R-8B,functional_group,carbon_ladder,31,13,1
weidawang-Chem-R-8B,functional_group,carbon_ladder,31,15,1
weidawang-Chem-R-8B,functional_group,carbon_ladder,31,16,1
weidawang-Chem-R-8B,functional_group,carbon_ladder,31,17,1
weidawang-Chem-R-8B,functional_group,carbon_ladder,31,18,2
weidawang-Chem-R-8B,functional_group,carbon_ladder,31,20,3
weidawang-Chem-R-8B,functional_group,carbon_ladder,31,22,3
weidawang-Chem-R-8B,functional_group,carbon_ladder,31,35,2
weidawang-Chem-R-8B,functional_group,carbon_ladder,31,51,2
weidawang-Chem-R-8B,functional_group,carbon_ladder,31,58,2
weidawang-Chem-R-8B,functional_group,carbon_ladder,31,60,2
weidawang-Chem-R-8B,functional_group,carbon_ladder,31,61,2
OpenDFM-ChemDFM-v1.5-8B,functional_group,inter_group,0,1,13
OpenDFM-ChemDFM-v1.5-8B,functional_group,inter_group,0,2,5
OpenDFM-ChemDFM-v1.5-8B,functional_group,inter_group,0,3,2
OpenDFM-ChemDFM-v1.5-8B,functional_group,inter_group,8,1,16
OpenDFM-ChemDFM-v1.5-8B,functional_group,inter_group,8,2,1
OpenDFM-ChemDFM-v1.5-8B,functional_group,inter_group,8,3,1
OpenDFM-ChemDFM-v1.5-8B,functional_group,inter_group,8,10,2
OpenDFM-ChemDFM-v1.5-8B,functional_group,inter_group,16,1,18
OpenDFM-ChemDFM-v1.5-8B,functional_group,inter_group,16,8,2
OpenDFM-ChemDFM-v1.5-8B,functional_group,inter_group,24,1,17
OpenDFM-ChemDFM-v1.5-8B,functional_group,inter_group,24,2,3
OpenDFM-ChemDFM-v1.5-8B,functional_group,inter_group,31,1,17
OpenDFM-ChemDFM-v1.5-8B,functional_group,inter_group,31,2,3
OpenDFM-ChemDFM-v1.5-8B,functional_group,halide,0,1,4
OpenDFM-ChemDFM-v1.5-8B,functional_group,halide,0,2,3
OpenDFM-ChemDFM-v1.5-8B,functional_group,halide,0,3,2
OpenDFM-ChemDFM-v1.5-8B,functional_group,halide,0,4,1
OpenDFM-ChemDFM-v1.5-8B,functional_group,halide,0,10,2
OpenDFM-ChemDFM-v1.5-8B,functional_group,halide,8,1,8
OpenDFM-ChemDFM-v1.5-8B,functional_group,halide,8,2,4
OpenDFM-ChemDFM-v1.5-8B,functional_group,halide,16,1,8
OpenDFM-ChemDFM-v1.5-8B,functional_group,halide,16,2,4
OpenDFM-ChemDFM-v1.5-8B,functional_group,halide,24,1,8
OpenDFM-ChemDFM-v1.5-8B,functional_group,halide,24,2,2
OpenDFM-ChemDFM-v1.5-8B,functional_group,halide,24,8,2
OpenDFM-ChemDFM-v1.5-8B,functional_group,halide,31,1,8
OpenDFM-ChemDFM-v1.5-8B,functional_group,halide,31,17,4
OpenDFM-ChemDFM-v1.5-8B,functional_group,carbon_ladder,0,1,42
OpenDFM-ChemDFM-v1.5-8B,functional_group,carbon_ladder,0,2,20
OpenDFM-ChemDFM-v1.5-8B,functional_group,carbon_ladder,0,3,20
OpenDFM-ChemDFM-v1.5-8B,functional_group,carbon_ladder,0,4,5
OpenDFM-ChemDFM-v1.5-8B,functional_group,carbon_ladder,0,5,4
OpenDFM-ChemDFM-v1.5-8B,functional_group,carbon_ladder,0,6,2
OpenDFM-ChemDFM-v1.5-8B,functional_group,carbon_ladder,0,7,4
OpenDFM-ChemDFM-v1.5-8B,functional_group,carbon_ladder,0,8,10
OpenDFM-ChemDFM-v1.5-8B,functional_group,carbon_ladder,0,9,4
OpenDFM-ChemDFM-v1.5-8B,functional_group,carbon_ladder,0,10,11
OpenDFM-ChemDFM-v1.5-8B,functional_group,carbon_ladder,0,11,5
OpenDFM-ChemDFM-v1.5-8B,functional_group,carbon_ladder,0,12,4
OpenDFM-ChemDFM-v1.5-8B,functional_group,carbon_ladder,0,13,7
OpenDFM-ChemDFM-v1.5-8B,functional_group,carbon_ladder,0,14,7
OpenDFM-ChemDFM-v1.5-8B,functional_group,carbon_ladder,0,15,4
OpenDFM-ChemDFM-v1.5-8B,functional_group,carbon_ladder,0,16,9
OpenDFM-ChemDFM-v1.5-8B,functional_group,carbon_ladder,0,17,2
OpenDFM-ChemDFM-v1.5-8B,functional_group,carbon_ladder,0,18,5
OpenDFM-ChemDFM-v1.5-8B,functional_group,carbon_ladder,0,19,5
OpenDFM-ChemDFM-v1.5-8B,functional_group,carbon_ladder,0,20,3
OpenDFM-ChemDFM-v1.5-8B,functional_group,carbon_ladder,0,21,7
OpenDFM-ChemDFM-v1.5-8B,functional_group,carbon_ladder,0,22,4
OpenDFM-ChemDFM-v1.5-8B,functional_group,carbon_ladder,0,23,7
OpenDFM-ChemDFM-v1.5-8B,functional_group,carbon_ladder,0,24,2
OpenDFM-ChemDFM-v1.5-8B,functional_group,carbon_ladder,0,25,5
OpenDFM-ChemDFM-v1.5-8B,functional_group,carbon_ladder,0,27,2
OpenDFM-ChemDFM-v1.5-8B,functional_group,carbon_ladder,0,28,1
OpenDFM-ChemDFM-v1.5-8B,functional_group,carbon_ladder,0,29,3
OpenDFM-ChemDFM-v1.5-8B,functional_group,carbon_ladder,0,30,2
OpenDFM-ChemDFM-v1.5-8B,functional_group,carbon_ladder,0,32,3
OpenDFM-ChemDFM-v1.5-8B,functional_group,carbon_ladder,0,33,1
OpenDFM-ChemDFM-v1.5-8B,functional_group,carbon_ladder,0,34,1
OpenDFM-ChemDFM-v1.5-8B,functional_group,carbon_ladder,0,37,3
OpenDFM-ChemDFM-v1.5-8B,functional_group,carbon_ladder,0,41,1
OpenDFM-ChemDFM-v1.5-8B,functional_group,carbon_ladder,0,43,2
OpenDFM-ChemDFM-v1.5-8B,functional_group,carbon_ladder,0,44,2
OpenDFM-ChemDFM-v1.5-8B,functional_group,carbon_ladder,0,51,3
OpenDFM-ChemDFM-v1.5-8B,functional_group,carbon_ladder,0,53,2
OpenDFM-ChemDFM-v1.5-8B,functional_group,carbon_ladder,0,72,2
OpenDFM-ChemDFM-v1.5-8B,functional_group,carbon_ladder,0,74,2
OpenDFM-ChemDFM-v1.5-8B,functional_group,carbon_ladder,8,1,45
OpenDFM-ChemDFM-v1.5-8B,functional_group,carbon_ladder,8,2,36
OpenDFM-ChemDFM-v1.5-8B,functional_group,carbon_ladder,8,3,27
OpenDFM-ChemDFM-v1.5-8B,functional_group,carbon_ladder,8,4,22
OpenDFM-ChemDFM-v1.5-8B,functional_group,carbon_ladder,8,5,9
OpenDFM-ChemDFM-v1.5-8B,functional_group,carbon_ladder,8,6,16
OpenDFM-ChemDFM-v1.5-8B,functional_group,carbon_ladder,8,7,6
OpenDFM-ChemDFM-v1.5-8B,functional_group,carbon_ladder,8,8,5
OpenDFM-ChemDFM-v1.5-8B,functional_group,carbon_ladder,8,9,2
OpenDFM-ChemDFM-v1.5-8B,functional_group,carbon_ladder,8,10,11
OpenDFM-ChemDFM-v1.5-8B,functional_group,carbon_ladder,8,11,3
OpenDFM-ChemDFM-v1.5-8B,functional_group,carbon_ladder,8,12,9
OpenDFM-ChemDFM-v1.5-8B,functional_group,carbon_ladder,8,13,2
OpenDFM-ChemDFM-v1.5-8B,functional_group,carbon_ladder,8,14,2
OpenDFM-ChemDFM-v1.5-8B,functional_group,carbon_ladder,8,15,4
OpenDFM-ChemDFM-v1.5-8B,functional_group,carbon_ladder,8,16,4
OpenDFM-ChemDFM-v1.5-8B,functional_group,carbon_ladder,8,17,2
OpenDFM-ChemDFM-v1.5-8B,functional_group,carbon_ladder,8,18,4
OpenDFM-ChemDFM-v1.5-8B,functional_group,carbon_ladder,8,22,1
OpenDFM-ChemDFM-v1.5-8B,functional_group,carbon_ladder,8,23,2
OpenDFM-ChemDFM-v1.5-8B,functional_group,carbon_ladder,8,27,2
OpenDFM-ChemDFM-v1.5-8B,functional_group,carbon_ladder,8,30,1
OpenDFM-ChemDFM-v1.5-8B,functional_group,carbon_ladder,8,35,2
OpenDFM-ChemDFM-v1.5-8B,functional_group,carbon_ladder,8,36,1
OpenDFM-ChemDFM-v1.5-8B,functional_group,carbon_ladder,8,37,2
OpenDFM-ChemDFM-v1.5-8B,functional_group,carbon_ladder,8,42,2
OpenDFM-ChemDFM-v1.5-8B,functional_group,carbon_ladder,8,47,2
OpenDFM-ChemDFM-v1.5-8B,functional_group,carbon_ladder,8,51,2
OpenDFM-ChemDFM-v1.5-8B,functional_group,carbon_ladder,8,59,2
OpenDFM-ChemDFM-v1.5-8B,functional_group,carbon_ladder,16,1,85
OpenDFM-ChemDFM-v1.5-8B,functional_group,carbon_ladder,16,2,41
OpenDFM-ChemDFM-v1.5-8B,functional_group,carbon_ladder,16,3,21
OpenDFM-ChemDFM-v1.5-8B,functional_group,carbon_ladder,16,4,23
OpenDFM-ChemDFM-v1.5-8B,functional_group,carbon_ladder,16,5,6
OpenDFM-ChemDFM-v1.5-8B,functional_group,carbon_ladder,16,6,8
OpenDFM-ChemDFM-v1.5-8B,functional_group,carbon_ladder,16,7,8
OpenDFM-ChemDFM-v1.5-8B,functional_group,carbon_ladder,16,8,1
OpenDFM-ChemDFM-v1.5-8B,functional_group,carbon_ladder,16,9,9
OpenDFM-ChemDFM-v1.5-8B,functional_group,carbon_ladder,16,10,1
OpenDFM-ChemDFM-v1.5-8B,functional_group,carbon_ladder,16,11,2
OpenDFM-ChemDFM-v1.5-8B,functional_group,carbon_ladder,16,15,2
OpenDFM-ChemDFM-v1.5-8B,functional_group,carbon_ladder,16,16,7
OpenDFM-ChemDFM-v1.5-8B,functional_group,carbon_ladder,16,19,2
OpenDFM-ChemDFM-v1.5-8B,functional_group,carbon_ladder,16,20,2
OpenDFM-ChemDFM-v1.5-8B,functional_group,carbon_ladder,16,22,2
OpenDFM-ChemDFM-v1.5-8B,functional_group,carbon_ladder,16,23,4
OpenDFM-ChemDFM-v1.5-8B,functional_group,carbon_ladder,16,29,2
OpenDFM-ChemDFM-v1.5-8B,functional_group,carbon_ladder,16,31,2
OpenDFM-ChemDFM-v1.5-8B,functional_group,carbon_ladder,24,1,113
OpenDFM-ChemDFM-v1.5-8B,functional_group,carbon_ladder,24,2,67
OpenDFM-ChemDFM-v1.5-8B,functional_group,carbon_ladder,24,3,15
OpenDFM-ChemDFM-v1.5-8B,functional_group,carbon_ladder,24,4,4
OpenDFM-ChemDFM-v1.5-8B,functional_group,carbon_ladder,24,5,6
OpenDFM-ChemDFM-v1.5-8B,functional_group,carbon_ladder,24,6,5
OpenDFM-ChemDFM-v1.5-8B,functional_group,carbon_ladder,24,7,4
OpenDFM-ChemDFM-v1.5-8B,functional_group,carbon_ladder,24,8,2
OpenDFM-ChemDFM-v1.5-8B,functional_group,carbon_ladder,24,9,2
OpenDFM-ChemDFM-v1.5-8B,functional_group,carbon_ladder,24,11,2
OpenDFM-ChemDFM-v1.5-8B,functional_group,carbon_ladder,24,12,4
OpenDFM-ChemDFM-v1.5-8B,functional_group,carbon_ladder,24,19,2
OpenDFM-ChemDFM-v1.5-8B,functional_group,carbon_ladder,24,21,2
OpenDFM-ChemDFM-v1.5-8B,functional_group,carbon_ladder,31,1,123
OpenDFM-ChemDFM-v1.5-8B,functional_group,carbon_ladder,31,2,56
OpenDFM-ChemDFM-v1.5-8B,functional_group,carbon_ladder,31,3,13
OpenDFM-ChemDFM-v1.5-8B,functional_group,carbon_ladder,31,4,8
OpenDFM-ChemDFM-v1.5-8B,functional_group,carbon_ladder,31,5,2
OpenDFM-ChemDFM-v1.5-8B,functional_group,carbon_ladder,31,6,6
OpenDFM-ChemDFM-v1.5-8B,functional_group,carbon_ladder,31,7,5
OpenDFM-ChemDFM-v1.5-8B,functional_group,carbon_ladder,31,8,2
OpenDFM-ChemDFM-v1.5-8B,functional_group,carbon_ladder,31,9,3
OpenDFM-ChemDFM-v1.5-8B,functional_group,carbon_ladder,31,10,2
OpenDFM-ChemDFM-v1.5-8B,functional_group,carbon_ladder,31,12,2
OpenDFM-ChemDFM-v1.5-8B,functional_group,carbon_ladder,31,22,2
OpenDFM-ChemDFM-v1.5-8B,functional_group,carbon_ladder,31,25,2
OpenDFM-ChemDFM-v1.5-8B,functional_group,carbon_ladder,31,30,2
