model,entity_type,axis,layer,hit1,hit1_ex_sulfoxide,hit2,hit3,random_hit1,random_hit2,random_hit3,degenerate_rate,n_trials,n_groups,mean_rank,random_mean_rank,mrr,median_rank
meta-llama-Llama-3.1-8B,functional_group,inter_group,0,0.6,0.666667,0.8,0.9,0.061765,0.123529,0.185294,0.35,20,13,2.3,8.6,0.743333,1.0
meta-llama-Llama-3.1-8B,functional_group,inter_group,8,0.45,0.5,0.75,0.75,0.061765,0.123529,0.185294,0.5,20,13,3.05,8.6,0.637045,2.0
meta-llama-Llama-3.1-8B,functional_group,inter_group,16,0.8,0.888889,0.85,0.85,0.061765,0.123529,0.185294,0.6,20,13,1.7,8.6,0.853333,1.0
meta-llama-Llama-3.1-8B,functional_group,inter_group,24,0.75,0.833333,0.95,0.95,0.061765,0.123529,0.185294,0.4,20,13,1.35,8.6,0.8625,1.0
meta-llama-Llama-3.1-8B,functional_group,inter_group,31,0.8,0.888889,1.0,1.0,0.061765,0.123529,0.185294,0.25,20,13,1.2,8.6,0.9,1.0
meta-llama-Llama-3.1-8B,functional_group,halide,0,0.333333,0.333333,0.583333,0.666667,0.060049,0.120098,0.180147,0.666667,12,4,2.583333,8.833333,0.561111,2.0
meta-llama-Llama-3.1-8B,functional_group,halide,8,0.333333,0.333333,0.333333,0.583333,0.060049,0.120098,0.180147,0.666667,12,4,3.0,8.833333,0.508333,3.0
meta-llama-Llama-3.1-8B,functional_group,halide,16,0.416667,0.416667,0.833333,0.833333,0.060049,0.120098,0.180147,0.75,12,4,2.083333,8.833333,0.658333,2.0
meta-llama-Llama-3.1-8B,functional_group,halide,24,0.583333,0.583333,1.0,1.0,0.060049,0.120098,0.180147,0.666667,12,4,1.416667,8.833333,0.791667,1.0
meta-llama-Llama-3.1-8B,functional_group,halide,31,0.5,0.5,0.583333,0.583333,0.060049,0.120098,0.180147,0.75,12,4,4.083333,8.833333,0.595833,1.5
meta-llama-Llama-3.1-8B,functional_group,carbon_ladder,0,0.188596,0.199074,0.333333,0.403509,0.013575,0.02715,0.040726,0.635965,228,19,10.258772,37.333333,0.349804,6.0
meta-llama-Llama-3.1-8B,functional_group,carbon_ladder,8,0.096491,0.101852,0.188596,0.263158,0.013575,0.02715,0.040726,0.767544,228,19,11.811404,37.333333,0.250742,7.0
meta-llama-Llama-3.1-8B,functional_group,carbon_ladder,16,0.201754,0.212963,0.460526,0.609649,0.013575,0.02715,0.040726,0.785088,228,19,4.70614,37.333333,0.442904,3.0
meta-llama-Llama-3.1-8B,functional_group,carbon_ladder,24,0.45614,0.481481,0.697368,0.785088,0.013575,0.02715,0.040726,0.75,228,19,2.451754,37.333333,0.647706,2.0
meta-llama-Llama-3.1-8B,functional_group,carbon_ladder,31,0.54386,0.574074,0.785088,0.881579,0.013575,0.02715,0.040726,0.77193,228,19,2.328947,37.333333,0.71316,1.0
phenixace-Chem-R-Faithful,functional_group,inter_group,0,0.4,0.444444,0.6,0.8,0.061765,0.123529,0.185294,0.45,20,13,2.35,8.6,0.609167,2.0
phenixace-Chem-R-Faithful,functional_group,inter_group,8,0.7,0.777778,0.85,0.85,0.061765,0.123529,0.185294,0.45,20,13,2.05,8.6,0.7975,1.0
phenixace-Chem-R-Faithful,functional_group,inter_group,16,0.8,0.888889,0.9,0.9,0.061765,0.123529,0.185294,0.6,20,13,2.3,8.6,0.857692,1.0
phenixace-Chem-R-Faithful,functional_group,inter_group,24,0.9,1.0,0.9,0.9,0.061765,0.123529,0.185294,0.7,20,13,1.9,8.6,0.91,1.0
phenixace-Chem-R-Faithful,functional_group,inter_group,31,0.8,0.888889,0.9,0.9,0.061765,0.123529,0.185294,0.65,20,13,2.6,8.6,0.85625,1.0
phenixace-Chem-R-Faithful,functional_group,halide,0,0.416667,0.416667,0.5,0.666667,0.060049,0.120098,0.180147,0.666667,12,4,2.75,8.833333,0.583333,2.5
phenixace-Chem-R-Faithful,functional_group,halide,8,0.666667,0.666667,1.0,1.0,0.060049,0.120098,0.180147,0.75,12,4,1.333333,8.833333,0.833333,1.0
phenixace-Chem-R-Faithful,functional_group,halide,16,0.666667,0.666667,1.0,1.0,0.060049,0.120098,0.180147,0.833333,12,4,1.333333,8.833333,0.833333,1.0
phenixace-Chem-R-Faithful,functional_group,halide,24,0.666667,0.666667,0.833333,1.0,0.060049,0.120098,0.180147,0.833333,12,4,1.5,8.833333,0.805556,1.0
phenixace-Chem-R-Faithful,functional_group,halide,31,0.666667,0.666667,0.666667,0.833333,0.060049,0.120098,0.180147,0.75,12,4,2.5,8.833333,0.743056,1.0
phenixace-Chem-R-Faithful,functional_group,carbon_ladder,0,0.166667,0.175926,0.302632,0.342105,0.013575,0.02715,0.040726,0.592105,228,19,17.833333,37.333333,0.296815,9.5
phenixace-Chem-R-Faithful,functional_group,carbon_ladder,8,0.258772,0.273148,0.421053,0.570175,0.013575,0.02715,0.040726,0.780702,228,19,6.574561,37.333333,0.450881,3.0
phenixace-Chem-R-Faithful,functional_group,carbon_ladder,16,0.517544,0.509259,0.732456,0.802632,0.013575,0.02715,0.040726,0.723684,228,19,2.960526,37.333333,0.679088,1.0
phenixace-Chem-R-Faithful,functional_group,carbon_ladder,24,0.324561,0.342593,0.52193,0.583333,0.013575,0.02715,0.040726,0.70614,228,19,6.451754,37.333333,0.497193,2.0
phenixace-Chem-R-Faithful,functional_group,carbon_ladder,31,0.412281,0.430556,0.596491,0.671053,0.013575,0.02715,0.040726,0.736842,228,19,6.026316,37.333333,0.569306,2.0
deepseek-ai-DeepSeek-R1-Distill-Llama-8B,functional_group,inter_group,0,0.5,0.555556,0.65,0.9,0.061765,0.123529,0.185294,0.45,20,13,2.3,8.6,0.673333,1.5
deepseek-ai-DeepSeek-R1-Distill-Llama-8B,functional_group,inter_group,8,0.6,0.666667,0.8,0.8,0.061765,0.123529,0.185294,0.35,20,13,2.45,8.6,0.729444,1.0
deepseek-ai-DeepSeek-R1-Distill-Llama-8B,functional_group,inter_group,16,0.8,0.888889,0.9,0.9,0.061765,0.123529,0.185294,0.6,20,13,1.4,8.6,0.875,1.0
deepseek-ai-DeepSeek-R1-Distill-Llama-8B,functional_group,inter_group,24,0.7,0.777778,0.9,0.9,0.061765,0.123529,0.185294,0.55,20,13,1.5,8.6,0.825,1.0
deepseek-ai-DeepSeek-R1-Distill-Llama-8B,functional_group,inter_group,31,0.6,0.666667,0.9,0.9,0.061765,0.123529,0.185294,0.7,20,13,1.6,8.6,0.775,1.0
deepseek-ai-DeepSeek-R1-Distill-Llama-8B,functional_group,halide,0,0.333333,0.333333,0.666667,0.833333,0.060049,0.120098,0.180147,0.75,12,4,2.5,8.833333,0.583333,2.0
deepseek-ai-DeepSeek-R1-Distill-Llama-8B,functional_group,halide,8,0.416667,0.416667,0.416667,0.75,0.060049,0.120098,0.180147,0.75,12,4,2.416667,8.833333,0.590278,3.0
deepseek-ai-DeepSeek-R1-Distill-Llama-8B,functional_group,halide,16,0.5,0.5,0.833333,1.0,0.060049,0.120098,0.180147,0.666667,12,4,1.666667,8.833333,0.722222,1.5
deepseek-ai-DeepSeek-R1-Distill-Llama-8B,functional_group,halide,24,0.666667,0.666667,1.0,1.0,0.060049,0.120098,0.180147,0.75,12,4,1.333333,8.833333,0.833333,1.0
deepseek-ai-DeepSeek-R1-Distill-Llama-8B,functional_group,halide,31,0.5,0.5,0.583333,0.833333,0.060049,0.120098,0.180147,0.75,12,4,2.083333,8.833333,0.666667,1.5
deepseek-ai-DeepSeek-R1-Distill-Llama-8B,functional_group,carbon_ladder,0,0.184211,0.194444,0.350877,0.399123,0.013575,0.02715,0.040726,0.644737,228,19,11.741228,37.333333,0.353585,5.0
deepseek-ai-DeepSeek-R1-Distill-Llama-8B,functional_group,carbon_ladder,8,0.074561,0.078704,0.166667,0.254386,0.013575,0.02715,0.040726,0.710526,228,19,11.754386,37.333333,0.232014,7.5
deepseek-ai-DeepSeek-R1-Distill-Llama-8B,functional_group,carbon_ladder,16,0.460526,0.486111,0.600877,0.701754,0.013575,0.02715,0.040726,0.723684,228,19,3.324561,37.333333,0.613073,2.0
deepseek-ai-DeepSeek-R1-Distill-Llama-8B,functional_group,carbon_ladder,24,0.548246,0.569444,0.767544,0.833333,0.013575,0.02715,0.040726,0.697368,228,19,1.991228,37.333333,0.7158,1.0
deepseek-ai-DeepSeek-R1-Distill-Llama-8B,functional_group,carbon_ladder,31,0.635965,0.671296,0.828947,0.894737,0.013575,0.02715,0.040726,0.732456,228,19,1.811404,37.333333,0.775303,1.0
weidawang-Chem-R-8B,functional_group,inter_group,0,0.35,0.388889,0.55,0.8,0.061765,0.123529,0.185294,0.45,20,13,2.55,8.6,0.5725,2.0
weidawang-Chem-R-8B,functional_group,inter_group,8,0.6,0.666667,0.85,0.85,0.061765,0.123529,0.185294,0.45,20,13,2.1,8.6,0.75,1.0
weidawang-Chem-R-8B,functional_group,inter_group,16,0.8,0.888889,0.85,0.9,0.061765,0.123529,0.185294,0.45,20,13,2.25,8.6,0.85,1.0
weidawang-Chem-R-8B,functional_group,inter_group,24,0.9,1.0,0.9,0.9,0.061765,0.123529,0.185294,0.7,20,13,1.8,8.6,0.911111,1.0
weidawang-Chem-R-8B,functional_group,inter_group,31,0.75,0.833333,0.9,0.9,0.061765,0.123529,0.185294,0.6,20,13,2.55,8.6,0.831667,1.0
weidawang-Chem-R-8B,functional_group,halide,0,0.416667,0.416667,0.5,0.666667,0.060049,0.120098,0.180147,0.666667,12,4,2.916667,8.833333,0.579365,2.5
weidawang-Chem-R-8B,functional_group,halide,8,0.666667,0.666667,1.0,1.0,0.060049,0.120098,0.180147,0.75,12,4,1.333333,8.833333,0.833333,1.0
weidawang-Chem-R-8B,functional_group,halide,16,0.666667,0.666667,1.0,1.0,0.060049,0.120098,0.180147,0.833333,12,4,1.333333,8.833333,0.833333,1.0
weidawang-Chem-R-8B,functional_group,halide,24,0.666667,0.666667,0.833333,1.0,0.060049,0.120098,0.180147,0.75,12,4,1.5,8.833333,0.805556,1.0
weidawang-Chem-R-8B,functional_group,halide,31,0.666667,0.666667,0.666667,0.666667,0.060049,0.120098,0.180147,0.833333,12,4,3.166667,8.833333,0.71131,1.0
weidawang-Chem-R-8B,functional_group,carbon_ladder,0,0.162281,0.171296,0.315789,0.350877,0.013575,0.02715,0.040726,0.587719,228,19,17.675439,37.333333,0.297576,10.0
weidawang-Chem-R-8B,functional_group,carbon_ladder,8,0.25,0.263889,0.403509,0.565789,0.013575,0.02715,0.040726,0.758772,228,19,6.714912,37.333333,0.441891,3.0
weidawang-Chem-R-8B,functional_group,carbon_ladder,16,0.482456,0.486111,0.710526,0.785088,0.013575,0.02715,0.040726,0.719298,228,19,3.039474,37.333333,0.65554,2.0
weidawang-Chem-R-8B,functional_group,carbon_ladder,24,0.333333,0.351852,0.52193,0.578947,0.013575,0.02715,0.040726,0.70614,228,19,6.508772,37.333333,0.500062,2.0
weidawang-Chem-R-8B,functional_group,carbon_ladder,31,0.394737,0.412037,0.557018,0.614035,0.013575,0.02715,0.040726,0.72807,228,19,6.096491,37.333333,0.547787,2.0
OpenDFM-ChemDFM-v1.5-8B,functional_group,inter_group,0,0.65,0.611111,0.9,1.0,0.061765,0.123529,0.185294,0.45,20,13,1.45,8.6,0.808333,1.0
OpenDFM-ChemDFM-v1.5-8B,functional_group,inter_group,8,0.8,0.888889,0.85,0.9,0.061765,0.123529,0.185294,0.45,20,13,2.05,8.6,0.851667,1.0
OpenDFM-ChemDFM-v1.5-8B,functional_group,inter_group,16,0.9,1.0,0.9,0.9,0.061765,0.123529,0.185294,0.6,20,13,1.7,8.6,0.9125,1.0
OpenDFM-ChemDFM-v1.5-8B,functional_group,inter_group,24,0.85,0.944444,1.0,1.0,0.061765,0.123529,0.185294,0.7,20,13,1.15,8.6,0.925,1.0
OpenDFM-ChemDFM-v1.5-8B,functional_group,inter_group,31,0.85,0.944444,1.0,1.0,0.061765,0.123529,0.185294,0.65,20,13,1.15,8.6,0.925,1.0
OpenDFM-ChemDFM-v1.5-8B,functional_group,halide,0,0.333333,0.333333,0.583333,0.75,0.060049,0.120098,0.180147,0.583333,12,4,3.333333,8.833333,0.551389,2.0
OpenDFM-ChemDFM-v1.5-8B,functional_group,halide,8,0.666667,0.666667,1.0,1.0,0.060049,0.120098,0.180147,0.833333,12,4,1.333333,8.833333,0.833333,1.0
OpenDFM-ChemDFM-v1.5-8B,functional_group,halide,16,0.666667,0.666667,1.0,1.0,0.060049,0.120098,0.180147,0.833333,12,4,1.333333,8.833333,0.833333,1.0
OpenDFM-ChemDFM-v1.5-8B,functional_group,halide,24,0.666667,0.666667,0.833333,0.833333,0.060049,0.120098,0.180147,0.833333,12,4,2.333333,8.833333,0.770833,1.0
OpenDFM-ChemDFM-v1.5-8B,functional_group,halide,31,0.666667,0.666667,0.666667,0.666667,0.060049,0.120098,0.180147,0.833333,12,4,6.333333,8.833333,0.686275,1.0
OpenDFM-ChemDFM-v1.5-8B,functional_group,carbon_ladder,0,0.184211,0.194444,0.27193,0.359649,0.013575,0.02715,0.040726,0.631579,228,19,13.425439,37.333333,0.305987,10.0
OpenDFM-ChemDFM-v1.5-8B,functional_group,carbon_ladder,8,0.197368,0.208333,0.355263,0.473684,0.013575,0.02715,0.040726,0.79386,228,19,7.859649,37.333333,0.383724,4.0
OpenDFM-ChemDFM-v1.5-8B,functional_group,carbon_ladder,16,0.372807,0.388889,0.552632,0.644737,0.013575,0.02715,0.040726,0.815789,228,19,4.618421,37.333333,0.546085,2.0
OpenDFM-ChemDFM-v1.5-8B,functional_group,carbon_ladder,24,0.495614,0.523148,0.789474,0.855263,0.013575,0.02715,0.040726,0.776316,228,19,2.54386,37.333333,0.685494,2.0
OpenDFM-ChemDFM-v1.5-8B,functional_group,carbon_ladder,31,0.539474,0.569444,0.785088,0.842105,0.013575,0.02715,0.040726,0.77193,228,19,2.754386,37.333333,0.70454,1.0
