model,layer,depth,entity_type,mode,cell_rank,carbon_count,pair_a1,pair_a2,pair_b1,pair_b2,is_negative_control,explained_var,recon_frac,n_groups,n_corners,n_hit1,n_degenerate,mean_cos,n_candidates_excl,rank_excl,rank3d_excl,cos_to_target,dist3d_true,dist3d_rival,rival_group,role,group,molecules,n_molecules,svd1,svd2,svd3
meta-llama-Llama-3.1-8B,31,1.0,functional_group,carbon_matched,1,5,thioether,thiol,ether,alcohol,0,0.60904,0.469324,19,4,4,0,0.835667,16,1,1,0.805557,3.937971,12.493266,alkyl bromide,b2,alcohol,n-amyl alcohol + sec-amyl alcohol,2,-2.772359,3.202278,8.318486
meta-llama-Llama-3.1-8B,31,1.0,functional_group,carbon_matched,1,5,thioether,thiol,ether,alcohol,0,0.60904,0.469324,19,4,4,0,0.835667,16,1,1,0.805557,3.937971,12.493266,alkyl bromide,other,aldehyde,valeraldehyde,1,-7.760261,11.566183,6.019328
meta-llama-Llama-3.1-8B,31,1.0,functional_group,carbon_matched,1,5,thioether,thiol,ether,alcohol,0,0.60904,0.469324,19,4,4,0,0.835667,16,1,1,0.805557,3.937971,12.493266,alkyl bromide,other,alkyl bromide,n-amyl bromide,1,-9.938961,-14.450768,6.296638
meta-llama-Llama-3.1-8B,31,1.0,functional_group,carbon_matched,1,5,thioether,thiol,ether,alcohol,0,0.60904,0.469324,19,4,4,0,0.835667,16,1,1,0.805557,3.937971,12.493266,alkyl bromide,other,alkyl chloride,n-amyl chloride,1,-9.396675,-15.398121,5.399008
meta-llama-Llama-3.1-8B,31,1.0,functional_group,carbon_matched,1,5,thioether,thiol,ether,alcohol,0,0.60904,0.469324,19,4,4,0,0.835667,16,1,1,0.805557,3.937971,12.493266,alkyl bromide,other,alkyl fluoride,n-amyl fluoride,1,-4.133883,-15.033897,0.86674
meta-llama-Llama-3.1-8B,31,1.0,functional_group,carbon_matched,1,5,thioether,thiol,ether,alcohol,0,0.60904,0.469324,19,4,4,0,0.835667,16,1,1,0.805557,3.937971,12.493266,alkyl bromide,other,alkyl iodide,n-amyl iodide,1,-8.44166,-15.167193,1.589436
meta-llama-Llama-3.1-8B,31,1.0,functional_group,carbon_matched,1,5,thioether,thiol,ether,alcohol,0,0.60904,0.469324,19,4,4,0,0.835667,16,1,1,0.805557,3.937971,12.493266,alkyl bromide,other,amide,valeramide,1,-7.641205,11.864843,-7.432215
meta-llama-Llama-3.1-8B,31,1.0,functional_group,carbon_matched,1,5,thioether,thiol,ether,alcohol,0,0.60904,0.469324,19,4,4,0,0.835667,16,1,1,0.805557,3.937971,12.493266,alkyl bromide,other,amine,n-amylamine + sec-amylamine,2,-7.577384,2.216434,-14.283206
meta-llama-Llama-3.1-8B,31,1.0,functional_group,carbon_matched,1,5,thioether,thiol,ether,alcohol,0,0.60904,0.469324,19,4,4,0,0.835667,16,1,1,0.805557,3.937971,12.493266,alkyl bromide,other,carboxylic acid,valeric acid,1,-5.749869,10.969875,9.237156
meta-llama-Llama-3.1-8B,31,1.0,functional_group,carbon_matched,1,5,thioether,thiol,ether,alcohol,0,0.60904,0.469324,19,4,4,0,0.835667,16,1,1,0.805557,3.937971,12.493266,alkyl bromide,other,ester,methyl butyrate,1,1.985277,9.368452,13.370018
meta-llama-Llama-3.1-8B,31,1.0,functional_group,carbon_matched,1,5,thioether,thiol,ether,alcohol,0,0.60904,0.469324,19,4,4,0,0.835667,16,1,1,0.805557,3.937971,12.493266,alkyl bromide,b1,ether,methyl butyl ether,1,2.647115,-5.390648,9.637335
meta-llama-Llama-3.1-8B,31,1.0,functional_group,carbon_matched,1,5,thioether,thiol,ether,alcohol,0,0.60904,0.469324,19,4,4,0,0.835667,16,1,1,0.805557,3.937971,12.493266,alkyl bromide,other,imine,valeraldehyde imine,1,-8.824408,4.045856,-15.188116
meta-llama-Llama-3.1-8B,31,1.0,functional_group,carbon_matched,1,5,thioether,thiol,ether,alcohol,0,0.60904,0.469324,19,4,4,0,0.835667,16,1,1,0.805557,3.937971,12.493266,alkyl bromide,other,ketone,methyl propyl ketone,1,0.598998,16.762058,7.913895
meta-llama-Llama-3.1-8B,31,1.0,functional_group,carbon_matched,1,5,thioether,thiol,ether,alcohol,0,0.60904,0.469324,19,4,4,0,0.835667,16,1,1,0.805557,3.937971,12.493266,alkyl bromide,other,nitrile,valeronitrile,1,-10.602142,2.324777,-11.567068
meta-llama-Llama-3.1-8B,31,1.0,functional_group,carbon_matched,1,5,thioether,thiol,ether,alcohol,0,0.60904,0.469324,19,4,4,0,0.835667,16,1,1,0.805557,3.937971,12.493266,alkyl bromide,other,nitro,1-nitropentane,1,-4.389242,4.093366,-6.846905
meta-llama-Llama-3.1-8B,31,1.0,functional_group,carbon_matched,1,5,thioether,thiol,ether,alcohol,0,0.60904,0.469324,19,4,4,0,0.835667,16,1,1,0.805557,3.937971,12.493266,alkyl bromide,other,sulfone,methyl butyl sulfone,1,24.673378,2.144836,-2.808207
meta-llama-Llama-3.1-8B,31,1.0,functional_group,carbon_matched,1,5,thioether,thiol,ether,alcohol,0,0.60904,0.469324,19,4,4,0,0.835667,16,1,1,0.805557,3.937971,12.493266,alkyl bromide,other,sulfoxide,methyl butyl sulfoxide,1,25.619175,1.82318,-2.127337
meta-llama-Llama-3.1-8B,31,1.0,functional_group,carbon_matched,1,5,thioether,thiol,ether,alcohol,0,0.60904,0.469324,19,4,4,0,0.835667,16,1,1,0.805557,3.937971,12.493266,alkyl bromide,a1,thioether,methyl butyl sulfide,1,16.692142,-12.329353,-3.282401
meta-llama-Llama-3.1-8B,31,1.0,functional_group,carbon_matched,1,5,thioether,thiol,ether,alcohol,0,0.60904,0.469324,19,4,4,0,0.835667,16,1,1,0.805557,3.937971,12.493266,alkyl bromide,a2,thiol,n-amyl mercaptan + sec-amyl mercaptan,2,15.011946,-2.612162,-5.112573
meta-llama-Llama-3.1-8B,31,1.0,functional_group,carbon_matched,1,5,thioether,thiol,ether,alcohol,0,0.60904,0.469324,19,4,4,0,0.835667,16,1,1,0.805557,3.937971,12.493266,alkyl bromide,predicted,,,0,-1.092162,-6.514913,10.148658
meta-llama-Llama-3.1-8B,31,1.0,functional_group,carbon_matched,2,6,thioether,thiol,ether,alcohol,0,0.593283,0.422622,19,4,4,0,0.804896,16,1,1,0.793756,3.228591,14.846127,alkyl fluoride,b2,alcohol,n-hexyl alcohol + sec-hexyl alcohol,2,-2.943287,1.376429,-10.115993
meta-llama-Llama-3.1-8B,31,1.0,functional_group,carbon_matched,2,6,thioether,thiol,ether,alcohol,0,0.593283,0.422622,19,4,4,0,0.804896,16,1,1,0.793756,3.228591,14.846127,alkyl fluoride,other,aldehyde,caproaldehyde,1,-5.320999,11.146049,-6.705385
meta-llama-Llama-3.1-8B,31,1.0,functional_group,carbon_matched,2,6,thioether,thiol,ether,alcohol,0,0.593283,0.422622,19,4,4,0,0.804896,16,1,1,0.793756,3.228591,14.846127,alkyl fluoride,other,alkyl bromide,n-hexyl bromide,1,-12.702785,-14.232442,-7.142629
meta-llama-Llama-3.1-8B,31,1.0,functional_group,carbon_matched,2,6,thioether,thiol,ether,alcohol,0,0.593283,0.422622,19,4,4,0,0.804896,16,1,1,0.793756,3.228591,14.846127,alkyl fluoride,other,alkyl chloride,n-hexyl chloride,1,-11.10381,-12.801228,-5.792595
meta-llama-Llama-3.1-8B,31,1.0,functional_group,carbon_matched,2,6,thioether,thiol,ether,alcohol,0,0.593283,0.422622,19,4,4,0,0.804896,16,1,1,0.793756,3.228591,14.846127,alkyl fluoride,other,alkyl fluoride,n-hexyl fluoride,1,-9.448246,-11.782831,-2.344336
meta-llama-Llama-3.1-8B,31,1.0,functional_group,carbon_matched,2,6,thioether,thiol,ether,alcohol,0,0.593283,0.422622,19,4,4,0,0.804896,16,1,1,0.793756,3.228591,14.846127,alkyl fluoride,other,alkyl iodide,n-hexyl iodide,1,-8.03307,-14.540499,-3.91913
meta-llama-Llama-3.1-8B,31,1.0,functional_group,carbon_matched,2,6,thioether,thiol,ether,alcohol,0,0.593283,0.422622,19,4,4,0,0.804896,16,1,1,0.793756,3.228591,14.846127,alkyl fluoride,other,amide,caproamide,1,-6.711094,14.309044,7.60303
meta-llama-Llama-3.1-8B,31,1.0,functional_group,carbon_matched,2,6,thioether,thiol,ether,alcohol,0,0.593283,0.422622,19,4,4,0,0.804896,16,1,1,0.793756,3.228591,14.846127,alkyl fluoride,other,amine,n-hexylamine + sec-hexylamine,2,-6.914348,0.096404,14.075359
meta-llama-Llama-3.1-8B,31,1.0,functional_group,carbon_matched,2,6,thioether,thiol,ether,alcohol,0,0.593283,0.422622,19,4,4,0,0.804896,16,1,1,0.793756,3.228591,14.846127,alkyl fluoride,other,carboxylic acid,caproic acid,1,-3.137471,13.13462,-8.319951
meta-llama-Llama-3.1-8B,31,1.0,functional_group,carbon_matched,2,6,thioether,thiol,ether,alcohol,0,0.593283,0.422622,19,4,4,0,0.804896,16,1,1,0.793756,3.228591,14.846127,alkyl fluoride,other,ester,methyl valerate,1,5.164116,12.123118,-11.273851
meta-llama-Llama-3.1-8B,31,1.0,functional_group,carbon_matched,2,6,thioether,thiol,ether,alcohol,0,0.593283,0.422622,19,4,4,0,0.804896,16,1,1,0.793756,3.228591,14.846127,alkyl fluoride,b1,ether,methyl pentyl ether,1,1.665083,-3.259632,-9.059699
meta-llama-Llama-3.1-8B,31,1.0,functional_group,carbon_matched,2,6,thioether,thiol,ether,alcohol,0,0.593283,0.422622,19,4,4,0,0.804896,16,1,1,0.793756,3.228591,14.846127,alkyl fluoride,other,imine,caproaldehyde imine,1,-7.958879,3.870004,16.181976
meta-llama-Llama-3.1-8B,31,1.0,functional_group,carbon_matched,2,6,thioether,thiol,ether,alcohol,0,0.593283,0.422622,19,4,4,0,0.804896,16,1,1,0.793756,3.228591,14.846127,alkyl fluoride,other,ketone,methyl butyl ketone,1,6.100881,14.964822,-8.891554
meta-llama-Llama-3.1-8B,31,1.0,functional_group,carbon_matched,2,6,thioether,thiol,ether,alcohol,0,0.593283,0.422622,19,4,4,0,0.804896,16,1,1,0.793756,3.228591,14.846127,alkyl fluoride,other,nitrile,capronitrile,1,-10.5568,5.480891,11.570851
meta-llama-Llama-3.1-8B,31,1.0,functional_group,carbon_matched,2,6,thioether,thiol,ether,alcohol,0,0.593283,0.422622,19,4,4,0,0.804896,16,1,1,0.793756,3.228591,14.846127,alkyl fluoride,other,nitro,1-nitrohexane,1,-4.26322,5.11297,9.219492
meta-llama-Llama-3.1-8B,31,1.0,functional_group,carbon_matched,2,6,thioether,thiol,ether,alcohol,0,0.593283,0.422622,19,4,4,0,0.804896,16,1,1,0.793756,3.228591,14.846127,alkyl fluoride,other,sulfone,methyl pentyl sulfone,1,23.36718,-1.36036,2.999058
meta-llama-Llama-3.1-8B,31,1.0,functional_group,carbon_matched,2,6,thioether,thiol,ether,alcohol,0,0.593283,0.422622,19,4,4,0,0.804896,16,1,1,0.793756,3.228591,14.846127,alkyl fluoride,other,sulfoxide,methyl pentyl sulfoxide,1,25.455284,-2.439235,2.850829
meta-llama-Llama-3.1-8B,31,1.0,functional_group,carbon_matched,2,6,thioether,thiol,ether,alcohol,0,0.593283,0.422622,19,4,4,0,0.804896,16,1,1,0.793756,3.228591,14.846127,alkyl fluoride,a1,thioether,methyl pentyl sulfide,1,14.627005,-12.766302,4.185001
meta-llama-Llama-3.1-8B,31,1.0,functional_group,carbon_matched,2,6,thioether,thiol,ether,alcohol,0,0.593283,0.422622,19,4,4,0,0.804896,16,1,1,0.793756,3.228591,14.846127,alkyl fluoride,a2,thiol,n-hexyl mercaptan + sec-hexyl mercaptan,2,12.714458,-8.43182,4.879533
meta-llama-Llama-3.1-8B,31,1.0,functional_group,carbon_matched,2,6,thioether,thiol,ether,alcohol,0,0.593283,0.422622,19,4,4,0,0.804896,16,1,1,0.793756,3.228591,14.846127,alkyl fluoride,predicted,,,0,-1.03074,-2.958054,-10.810525
meta-llama-Llama-3.1-8B,31,1.0,functional_group,carbon_matched,3,4,ester,carboxylic acid,ketone,aldehyde,1,0.604659,0.644846,19,4,4,0,0.796251,16,1,1,0.83036,2.835614,12.325214,alcohol,other,alcohol,n-butyl alcohol + sec-butanol,2,-3.200515,1.7713,9.540749
meta-llama-Llama-3.1-8B,31,1.0,functional_group,carbon_matched,3,4,ester,carboxylic acid,ketone,aldehyde,1,0.604659,0.644846,19,4,4,0,0.796251,16,1,1,0.83036,2.835614,12.325214,alcohol,b2,aldehyde,butyraldehyde,1,-8.495881,11.709078,6.093602
meta-llama-Llama-3.1-8B,31,1.0,functional_group,carbon_matched,3,4,ester,carboxylic acid,ketone,aldehyde,1,0.604659,0.644846,19,4,4,0,0.796251,16,1,1,0.83036,2.835614,12.325214,alcohol,other,alkyl bromide,n-butyl bromide,1,-11.674439,-14.297279,5.81024
meta-llama-Llama-3.1-8B,31,1.0,functional_group,carbon_matched,3,4,ester,carboxylic acid,ketone,aldehyde,1,0.604659,0.644846,19,4,4,0,0.796251,16,1,1,0.83036,2.835614,12.325214,alcohol,other,alkyl chloride,n-butyl chloride,1,-8.13804,-13.992378,5.624833
meta-llama-Llama-3.1-8B,31,1.0,functional_group,carbon_matched,3,4,ester,carboxylic acid,ketone,aldehyde,1,0.604659,0.644846,19,4,4,0,0.796251,16,1,1,0.83036,2.835614,12.325214,alcohol,other,alkyl fluoride,n-butyl fluoride,1,-6.603438,-14.790976,3.415139
meta-llama-Llama-3.1-8B,31,1.0,functional_group,carbon_matched,3,4,ester,carboxylic acid,ketone,aldehyde,1,0.604659,0.644846,19,4,4,0,0.796251,16,1,1,0.83036,2.835614,12.325214,alcohol,other,alkyl iodide,n-butyl iodide,1,-9.299788,-17.258366,2.606081
meta-llama-Llama-3.1-8B,31,1.0,functional_group,carbon_matched,3,4,ester,carboxylic acid,ketone,aldehyde,1,0.604659,0.644846,19,4,4,0,0.796251,16,1,1,0.83036,2.835614,12.325214,alcohol,other,amide,butyramide,1,-8.20969,13.434301,-8.283739
meta-llama-Llama-3.1-8B,31,1.0,functional_group,carbon_matched,3,4,ester,carboxylic acid,ketone,aldehyde,1,0.604659,0.644846,19,4,4,0,0.796251,16,1,1,0.83036,2.835614,12.325214,alcohol,other,amine,n-butylamine + sec-butylamine,2,-6.739308,-0.778858,-13.117898
meta-llama-Llama-3.1-8B,31,1.0,functional_group,carbon_matched,3,4,ester,carboxylic acid,ketone,aldehyde,1,0.604659,0.644846,19,4,4,0,0.796251,16,1,1,0.83036,2.835614,12.325214,alcohol,a2,carboxylic acid,butyric acid,1,-6.529398,11.769197,6.663256
meta-llama-Llama-3.1-8B,31,1.0,functional_group,carbon_matched,3,4,ester,carboxylic acid,ketone,aldehyde,1,0.604659,0.644846,19,4,4,0,0.796251,16,1,1,0.83036,2.835614,12.325214,alcohol,a1,ester,methyl propionate,1,4.621271,12.503205,12.044125
meta-llama-Llama-3.1-8B,31,1.0,functional_group,carbon_matched,3,4,ester,carboxylic acid,ketone,aldehyde,1,0.604659,0.644846,19,4,4,0,0.796251,16,1,1,0.83036,2.835614,12.325214,alcohol,other,ether,methyl propyl ether,1,5.092392,-3.412935,10.784745
meta-llama-Llama-3.1-8B,31,1.0,functional_group,carbon_matched,3,4,ester,carboxylic acid,ketone,aldehyde,1,0.604659,0.644846,19,4,4,0,0.796251,16,1,1,0.83036,2.835614,12.325214,alcohol,other,imine,butyraldehyde imine,1,-7.859431,2.782887,-15.334436
meta-llama-Llama-3.1-8B,31,1.0,functional_group,carbon_matched,3,4,ester,carboxylic acid,ketone,aldehyde,1,0.604659,0.644846,19,4,4,0,0.796251,16,1,1,0.83036,2.835614,12.325214,alcohol,b1,ketone,methyl ethyl ketone (MEK),1,2.000188,14.636043,9.800207
meta-llama-Llama-3.1-8B,31,1.0,functional_group,carbon_matched,3,4,ester,carboxylic acid,ketone,aldehyde,1,0.604659,0.644846,19,4,4,0,0.796251,16,1,1,0.83036,2.835614,12.325214,alcohol,other,nitrile,butyronitrile,1,-9.819731,5.243826,-12.655313
meta-llama-Llama-3.1-8B,31,1.0,functional_group,carbon_matched,3,4,ester,carboxylic acid,ketone,aldehyde,1,0.604659,0.644846,19,4,4,0,0.796251,16,1,1,0.83036,2.835614,12.325214,alcohol,other,nitro,1-nitrobutane,1,-4.626881,4.568863,-7.757759
meta-llama-Llama-3.1-8B,31,1.0,functional_group,carbon_matched,3,4,ester,carboxylic acid,ketone,aldehyde,1,0.604659,0.644846,19,4,4,0,0.796251,16,1,1,0.83036,2.835614,12.325214,alcohol,other,sulfone,methyl propyl sulfone,1,22.867008,2.308545,-2.414395
meta-llama-Llama-3.1-8B,31,1.0,functional_group,carbon_matched,3,4,ester,carboxylic acid,ketone,aldehyde,1,0.604659,0.644846,19,4,4,0,0.796251,16,1,1,0.83036,2.835614,12.325214,alcohol,other,sulfoxide,methyl propyl sulfoxide,1,23.19894,1.095357,-2.396956
meta-llama-Llama-3.1-8B,31,1.0,functional_group,carbon_matched,3,4,ester,carboxylic acid,ketone,aldehyde,1,0.604659,0.644846,19,4,4,0,0.796251,16,1,1,0.83036,2.835614,12.325214,alcohol,other,thioether,methyl propyl sulfide,1,19.971581,-11.154334,-4.615765
meta-llama-Llama-3.1-8B,31,1.0,functional_group,carbon_matched,3,4,ester,carboxylic acid,ketone,aldehyde,1,0.604659,0.644846,19,4,4,0,0.796251,16,1,1,0.83036,2.835614,12.325214,alcohol,other,thiol,n-butyl mercaptan + sec-butyl mercaptan,2,13.44515,-6.137474,-5.806712
meta-llama-Llama-3.1-8B,31,1.0,functional_group,carbon_matched,3,4,ester,carboxylic acid,ketone,aldehyde,1,0.604659,0.644846,19,4,4,0,0.796251,16,1,1,0.83036,2.835614,12.325214,alcohol,predicted,,,0,2.654788,12.443088,11.47447
meta-llama-Llama-3.1-8B,31,1.0,functional_group,carbon_matched,4,4,imine,aldehyde,amine,alcohol,0,0.604659,0.53331,19,4,4,0,0.744208,16,1,1,0.777272,7.720159,12.599787,nitro,b2,alcohol,n-butyl alcohol + sec-butanol,2,-3.200515,1.7713,9.540749
meta-llama-Llama-3.1-8B,31,1.0,functional_group,carbon_matched,4,4,imine,aldehyde,amine,alcohol,0,0.604659,0.53331,19,4,4,0,0.744208,16,1,1,0.777272,7.720159,12.599787,nitro,a2,aldehyde,butyraldehyde,1,-8.495881,11.709078,6.093602
meta-llama-Llama-3.1-8B,31,1.0,functional_group,carbon_matched,4,4,imine,aldehyde,amine,alcohol,0,0.604659,0.53331,19,4,4,0,0.744208,16,1,1,0.777272,7.720159,12.599787,nitro,other,alkyl bromide,n-butyl bromide,1,-11.674439,-14.297279,5.81024
meta-llama-Llama-3.1-8B,31,1.0,functional_group,carbon_matched,4,4,imine,aldehyde,amine,alcohol,0,0.604659,0.53331,19,4,4,0,0.744208,16,1,1,0.777272,7.720159,12.599787,nitro,other,alkyl chloride,n-butyl chloride,1,-8.13804,-13.992378,5.624833
meta-llama-Llama-3.1-8B,31,1.0,functional_group,carbon_matched,4,4,imine,aldehyde,amine,alcohol,0,0.604659,0.53331,19,4,4,0,0.744208,16,1,1,0.777272,7.720159,12.599787,nitro,other,alkyl fluoride,n-butyl fluoride,1,-6.603438,-14.790976,3.415139
meta-llama-Llama-3.1-8B,31,1.0,functional_group,carbon_matched,4,4,imine,aldehyde,amine,alcohol,0,0.604659,0.53331,19,4,4,0,0.744208,16,1,1,0.777272,7.720159,12.599787,nitro,other,alkyl iodide,n-butyl iodide,1,-9.299788,-17.258366,2.606081
meta-llama-Llama-3.1-8B,31,1.0,functional_group,carbon_matched,4,4,imine,aldehyde,amine,alcohol,0,0.604659,0.53331,19,4,4,0,0.744208,16,1,1,0.777272,7.720159,12.599787,nitro,other,amide,butyramide,1,-8.20969,13.434301,-8.283739
meta-llama-Llama-3.1-8B,31,1.0,functional_group,carbon_matched,4,4,imine,aldehyde,amine,alcohol,0,0.604659,0.53331,19,4,4,0,0.744208,16,1,1,0.777272,7.720159,12.599787,nitro,b1,amine,n-butylamine + sec-butylamine,2,-6.739308,-0.778858,-13.117898
meta-llama-Llama-3.1-8B,31,1.0,functional_group,carbon_matched,4,4,imine,aldehyde,amine,alcohol,0,0.604659,0.53331,19,4,4,0,0.744208,16,1,1,0.777272,7.720159,12.599787,nitro,other,carboxylic acid,butyric acid,1,-6.529398,11.769197,6.663256
meta-llama-Llama-3.1-8B,31,1.0,functional_group,carbon_matched,4,4,imine,aldehyde,amine,alcohol,0,0.604659,0.53331,19,4,4,0,0.744208,16,1,1,0.777272,7.720159,12.599787,nitro,other,ester,methyl propionate,1,4.621271,12.503205,12.044125
meta-llama-Llama-3.1-8B,31,1.0,functional_group,carbon_matched,4,4,imine,aldehyde,amine,alcohol,0,0.604659,0.53331,19,4,4,0,0.744208,16,1,1,0.777272,7.720159,12.599787,nitro,other,ether,methyl propyl ether,1,5.092392,-3.412935,10.784745
meta-llama-Llama-3.1-8B,31,1.0,functional_group,carbon_matched,4,4,imine,aldehyde,amine,alcohol,0,0.604659,0.53331,19,4,4,0,0.744208,16,1,1,0.777272,7.720159,12.599787,nitro,a1,imine,butyraldehyde imine,1,-7.859431,2.782887,-15.334436
meta-llama-Llama-3.1-8B,31,1.0,functional_group,carbon_matched,4,4,imine,aldehyde,amine,alcohol,0,0.604659,0.53331,19,4,4,0,0.744208,16,1,1,0.777272,7.720159,12.599787,nitro,other,ketone,methyl ethyl ketone (MEK),1,2.000188,14.636043,9.800207
meta-llama-Llama-3.1-8B,31,1.0,functional_group,carbon_matched,4,4,imine,aldehyde,amine,alcohol,0,0.604659,0.53331,19,4,4,0,0.744208,16,1,1,0.777272,7.720159,12.599787,nitro,other,nitrile,butyronitrile,1,-9.819731,5.243826,-12.655313
meta-llama-Llama-3.1-8B,31,1.0,functional_group,carbon_matched,4,4,imine,aldehyde,amine,alcohol,0,0.604659,0.53331,19,4,4,0,0.744208,16,1,1,0.777272,7.720159,12.599787,nitro,other,nitro,1-nitrobutane,1,-4.626881,4.568863,-7.757759
meta-llama-Llama-3.1-8B,31,1.0,functional_group,carbon_matched,4,4,imine,aldehyde,amine,alcohol,0,0.604659,0.53331,19,4,4,0,0.744208,16,1,1,0.777272,7.720159,12.599787,nitro,other,sulfone,methyl propyl sulfone,1,22.867008,2.308545,-2.414395
meta-llama-Llama-3.1-8B,31,1.0,functional_group,carbon_matched,4,4,imine,aldehyde,amine,alcohol,0,0.604659,0.53331,19,4,4,0,0.744208,16,1,1,0.777272,7.720159,12.599787,nitro,other,sulfoxide,methyl propyl sulfoxide,1,23.19894,1.095357,-2.396956
meta-llama-Llama-3.1-8B,31,1.0,functional_group,carbon_matched,4,4,imine,aldehyde,amine,alcohol,0,0.604659,0.53331,19,4,4,0,0.744208,16,1,1,0.777272,7.720159,12.599787,nitro,other,thioether,methyl propyl sulfide,1,19.971581,-11.154334,-4.615765
meta-llama-Llama-3.1-8B,31,1.0,functional_group,carbon_matched,4,4,imine,aldehyde,amine,alcohol,0,0.604659,0.53331,19,4,4,0,0.744208,16,1,1,0.777272,7.720159,12.599787,nitro,other,thiol,n-butyl mercaptan + sec-butyl mercaptan,2,13.44515,-6.137474,-5.806712
meta-llama-Llama-3.1-8B,31,1.0,functional_group,carbon_matched,4,4,imine,aldehyde,amine,alcohol,0,0.604659,0.53331,19,4,4,0,0.744208,16,1,1,0.777272,7.720159,12.599787,nitro,predicted,,,0,-2.564065,-7.15489,-11.88729
meta-llama-Llama-3.1-8B,31,1.0,functional_group,carbon_matched,5,5,imine,aldehyde,amine,alcohol,0,0.60904,0.564441,19,4,4,0,0.738957,16,1,1,0.759786,7.657516,9.573316,nitrile,b2,alcohol,n-amyl alcohol + sec-amyl alcohol,2,-2.772359,3.202278,8.318486
meta-llama-Llama-3.1-8B,31,1.0,functional_group,carbon_matched,5,5,imine,aldehyde,amine,alcohol,0,0.60904,0.564441,19,4,4,0,0.738957,16,1,1,0.759786,7.657516,9.573316,nitrile,a2,aldehyde,valeraldehyde,1,-7.760261,11.566183,6.019328
meta-llama-Llama-3.1-8B,31,1.0,functional_group,carbon_matched,5,5,imine,aldehyde,amine,alcohol,0,0.60904,0.564441,19,4,4,0,0.738957,16,1,1,0.759786,7.657516,9.573316,nitrile,other,alkyl bromide,n-amyl bromide,1,-9.938961,-14.450768,6.296638
meta-llama-Llama-3.1-8B,31,1.0,functional_group,carbon_matched,5,5,imine,aldehyde,amine,alcohol,0,0.60904,0.564441,19,4,4,0,0.738957,16,1,1,0.759786,7.657516,9.573316,nitrile,other,alkyl chloride,n-amyl chloride,1,-9.396675,-15.398121,5.399008
meta-llama-Llama-3.1-8B,31,1.0,functional_group,carbon_matched,5,5,imine,aldehyde,amine,alcohol,0,0.60904,0.564441,19,4,4,0,0.738957,16,1,1,0.759786,7.657516,9.573316,nitrile,other,alkyl fluoride,n-amyl fluoride,1,-4.133883,-15.033897,0.86674
meta-llama-Llama-3.1-8B,31,1.0,functional_group,carbon_matched,5,5,imine,aldehyde,amine,alcohol,0,0.60904,0.564441,19,4,4,0,0.738957,16,1,1,0.759786,7.657516,9.573316,nitrile,other,alkyl iodide,n-amyl iodide,1,-8.44166,-15.167193,1.589436
meta-llama-Llama-3.1-8B,31,1.0,functional_group,carbon_matched,5,5,imine,aldehyde,amine,alcohol,0,0.60904,0.564441,19,4,4,0,0.738957,16,1,1,0.759786,7.657516,9.573316,nitrile,other,amide,valeramide,1,-7.641205,11.864843,-7.432215
meta-llama-Llama-3.1-8B,31,1.0,functional_group,carbon_matched,5,5,imine,aldehyde,amine,alcohol,0,0.60904,0.564441,19,4,4,0,0.738957,16,1,1,0.759786,7.657516,9.573316,nitrile,b1,amine,n-amylamine + sec-amylamine,2,-7.577384,2.216434,-14.283206
meta-llama-Llama-3.1-8B,31,1.0,functional_group,carbon_matched,5,5,imine,aldehyde,amine,alcohol,0,0.60904,0.564441,19,4,4,0,0.738957,16,1,1,0.759786,7.657516,9.573316,nitrile,other,carboxylic acid,valeric acid,1,-5.749869,10.969875,9.237156
meta-llama-Llama-3.1-8B,31,1.0,functional_group,carbon_matched,5,5,imine,aldehyde,amine,alcohol,0,0.60904,0.564441,19,4,4,0,0.738957,16,1,1,0.759786,7.657516,9.573316,nitrile,other,ester,methyl butyrate,1,1.985277,9.368452,13.370018
meta-llama-Llama-3.1-8B,31,1.0,functional_group,carbon_matched,5,5,imine,aldehyde,amine,alcohol,0,0.60904,0.564441,19,4,4,0,0.738957,16,1,1,0.759786,7.657516,9.573316,nitrile,other,ether,methyl butyl ether,1,2.647115,-5.390648,9.637335
meta-llama-Llama-3.1-8B,31,1.0,functional_group,carbon_matched,5,5,imine,aldehyde,amine,alcohol,0,0.60904,0.564441,19,4,4,0,0.738957,16,1,1,0.759786,7.657516,9.573316,nitrile,a1,imine,valeraldehyde imine,1,-8.824408,4.045856,-15.188116
meta-llama-Llama-3.1-8B,31,1.0,functional_group,carbon_matched,5,5,imine,aldehyde,amine,alcohol,0,0.60904,0.564441,19,4,4,0,0.738957,16,1,1,0.759786,7.657516,9.573316,nitrile,other,ketone,methyl propyl ketone,1,0.598998,16.762058,7.913895
meta-llama-Llama-3.1-8B,31,1.0,functional_group,carbon_matched,5,5,imine,aldehyde,amine,alcohol,0,0.60904,0.564441,19,4,4,0,0.738957,16,1,1,0.759786,7.657516,9.573316,nitrile,other,nitrile,valeronitrile,1,-10.602142,2.324777,-11.567068
meta-llama-Llama-3.1-8B,31,1.0,functional_group,carbon_matched,5,5,imine,aldehyde,amine,alcohol,0,0.60904,0.564441,19,4,4,0,0.738957,16,1,1,0.759786,7.657516,9.573316,nitrile,other,nitro,1-nitropentane,1,-4.389242,4.093366,-6.846905
meta-llama-Llama-3.1-8B,31,1.0,functional_group,carbon_matched,5,5,imine,aldehyde,amine,alcohol,0,0.60904,0.564441,19,4,4,0,0.738957,16,1,1,0.759786,7.657516,9.573316,nitrile,other,sulfone,methyl butyl sulfone,1,24.673378,2.144836,-2.808207
meta-llama-Llama-3.1-8B,31,1.0,functional_group,carbon_matched,5,5,imine,aldehyde,amine,alcohol,0,0.60904,0.564441,19,4,4,0,0.738957,16,1,1,0.759786,7.657516,9.573316,nitrile,other,sulfoxide,methyl butyl sulfoxide,1,25.619175,1.82318,-2.127337
meta-llama-Llama-3.1-8B,31,1.0,functional_group,carbon_matched,5,5,imine,aldehyde,amine,alcohol,0,0.60904,0.564441,19,4,4,0,0.738957,16,1,1,0.759786,7.657516,9.573316,nitrile,other,thioether,methyl butyl sulfide,1,16.692142,-12.329353,-3.282401
meta-llama-Llama-3.1-8B,31,1.0,functional_group,carbon_matched,5,5,imine,aldehyde,amine,alcohol,0,0.60904,0.564441,19,4,4,0,0.738957,16,1,1,0.759786,7.657516,9.573316,nitrile,other,thiol,n-amyl mercaptan + sec-amyl mercaptan,2,15.011946,-2.612162,-5.112573
meta-llama-Llama-3.1-8B,31,1.0,functional_group,carbon_matched,5,5,imine,aldehyde,amine,alcohol,0,0.60904,0.564441,19,4,4,0,0.738957,16,1,1,0.759786,7.657516,9.573316,nitrile,predicted,,,0,-3.836506,-4.318048,-12.888958
meta-llama-Llama-3.1-8B,31,1.0,functional_group,carbon_matched,6,6,imine,aldehyde,amine,alcohol,0,0.593283,0.551028,19,4,4,0,0.715385,16,1,1,0.749931,6.279333,11.646025,nitro,b2,alcohol,n-hexyl alcohol + sec-hexyl alcohol,2,-2.943287,1.376429,-10.115993
meta-llama-Llama-3.1-8B,31,1.0,functional_group,carbon_matched,6,6,imine,aldehyde,amine,alcohol,0,0.593283,0.551028,19,4,4,0,0.715385,16,1,1,0.749931,6.279333,11.646025,nitro,a2,aldehyde,caproaldehyde,1,-5.320999,11.146049,-6.705385
meta-llama-Llama-3.1-8B,31,1.0,functional_group,carbon_matched,6,6,imine,aldehyde,amine,alcohol,0,0.593283,0.551028,19,4,4,0,0.715385,16,1,1,0.749931,6.279333,11.646025,nitro,other,alkyl bromide,n-hexyl bromide,1,-12.702785,-14.232442,-7.142629
meta-llama-Llama-3.1-8B,31,1.0,functional_group,carbon_matched,6,6,imine,aldehyde,amine,alcohol,0,0.593283,0.551028,19,4,4,0,0.715385,16,1,1,0.749931,6.279333,11.646025,nitro,other,alkyl chloride,n-hexyl chloride,1,-11.10381,-12.801228,-5.792595
meta-llama-Llama-3.1-8B,31,1.0,functional_group,carbon_matched,6,6,imine,aldehyde,amine,alcohol,0,0.593283,0.551028,19,4,4,0,0.715385,16,1,1,0.749931,6.279333,11.646025,nitro,other,alkyl fluoride,n-hexyl fluoride,1,-9.448246,-11.782831,-2.344336
meta-llama-Llama-3.1-8B,31,1.0,functional_group,carbon_matched,6,6,imine,aldehyde,amine,alcohol,0,0.593283,0.551028,19,4,4,0,0.715385,16,1,1,0.749931,6.279333,11.646025,nitro,other,alkyl iodide,n-hexyl iodide,1,-8.03307,-14.540499,-3.91913
meta-llama-Llama-3.1-8B,31,1.0,functional_group,carbon_matched,6,6,imine,aldehyde,amine,alcohol,0,0.593283,0.551028,19,4,4,0,0.715385,16,1,1,0.749931,6.279333,11.646025,nitro,other,amide,caproamide,1,-6.711094,14.309044,7.60303
meta-llama-Llama-3.1-8B,31,1.0,functional_group,carbon_matched,6,6,imine,aldehyde,amine,alcohol,0,0.593283,0.551028,19,4,4,0,0.715385,16,1,1,0.749931,6.279333,11.646025,nitro,b1,amine,n-hexylamine + sec-hexylamine,2,-6.914348,0.096404,14.075359
meta-llama-Llama-3.1-8B,31,1.0,functional_group,carbon_matched,6,6,imine,aldehyde,amine,alcohol,0,0.593283,0.551028,19,4,4,0,0.715385,16,1,1,0.749931,6.279333,11.646025,nitro,other,carboxylic acid,caproic acid,1,-3.137471,13.13462,-8.319951
meta-llama-Llama-3.1-8B,31,1.0,functional_group,carbon_matched,6,6,imine,aldehyde,amine,alcohol,0,0.593283,0.551028,19,4,4,0,0.715385,16,1,1,0.749931,6.279333,11.646025,nitro,other,ester,methyl valerate,1,5.164116,12.123118,-11.273851
meta-llama-Llama-3.1-8B,31,1.0,functional_group,carbon_matched,6,6,imine,aldehyde,amine,alcohol,0,0.593283,0.551028,19,4,4,0,0.715385,16,1,1,0.749931,6.279333,11.646025,nitro,other,ether,methyl pentyl ether,1,1.665083,-3.259632,-9.059699
meta-llama-Llama-3.1-8B,31,1.0,functional_group,carbon_matched,6,6,imine,aldehyde,amine,alcohol,0,0.593283,0.551028,19,4,4,0,0.715385,16,1,1,0.749931,6.279333,11.646025,nitro,a1,imine,caproaldehyde imine,1,-7.958879,3.870004,16.181976
meta-llama-Llama-3.1-8B,31,1.0,functional_group,carbon_matched,6,6,imine,aldehyde,amine,alcohol,0,0.593283,0.551028,19,4,4,0,0.715385,16,1,1,0.749931,6.279333,11.646025,nitro,other,ketone,methyl butyl ketone,1,6.100881,14.964822,-8.891554
meta-llama-Llama-3.1-8B,31,1.0,functional_group,carbon_matched,6,6,imine,aldehyde,amine,alcohol,0,0.593283,0.551028,19,4,4,0,0.715385,16,1,1,0.749931,6.279333,11.646025,nitro,other,nitrile,capronitrile,1,-10.5568,5.480891,11.570851
meta-llama-Llama-3.1-8B,31,1.0,functional_group,carbon_matched,6,6,imine,aldehyde,amine,alcohol,0,0.593283,0.551028,19,4,4,0,0.715385,16,1,1,0.749931,6.279333,11.646025,nitro,other,nitro,1-nitrohexane,1,-4.26322,5.11297,9.219492
meta-llama-Llama-3.1-8B,31,1.0,functional_group,carbon_matched,6,6,imine,aldehyde,amine,alcohol,0,0.593283,0.551028,19,4,4,0,0.715385,16,1,1,0.749931,6.279333,11.646025,nitro,other,sulfone,methyl pentyl sulfone,1,23.36718,-1.36036,2.999058
meta-llama-Llama-3.1-8B,31,1.0,functional_group,carbon_matched,6,6,imine,aldehyde,amine,alcohol,0,0.593283,0.551028,19,4,4,0,0.715385,16,1,1,0.749931,6.279333,11.646025,nitro,other,sulfoxide,methyl pentyl sulfoxide,1,25.455284,-2.439235,2.850829
meta-llama-Llama-3.1-8B,31,1.0,functional_group,carbon_matched,6,6,imine,aldehyde,amine,alcohol,0,0.593283,0.551028,19,4,4,0,0.715385,16,1,1,0.749931,6.279333,11.646025,nitro,other,thioether,methyl pentyl sulfide,1,14.627005,-12.766302,4.185001
meta-llama-Llama-3.1-8B,31,1.0,functional_group,carbon_matched,6,6,imine,aldehyde,amine,alcohol,0,0.593283,0.551028,19,4,4,0,0.715385,16,1,1,0.749931,6.279333,11.646025,nitro,other,thiol,n-hexyl mercaptan + sec-hexyl mercaptan,2,12.714458,-8.43182,4.879533
meta-llama-Llama-3.1-8B,31,1.0,functional_group,carbon_matched,6,6,imine,aldehyde,amine,alcohol,0,0.593283,0.551028,19,4,4,0,0.715385,16,1,1,0.749931,6.279333,11.646025,nitro,predicted,,,0,-5.581167,-5.899616,12.771369
