model,entity_type,layer,depth,raw_pairwise_cos,orig_within,orig_between,orig_gap,cent_within,cent_between,cent_gap,within_std_across_groups,pc1_variance_ratio,analogy_mean,analogy_n,analogy_n_positive_sig,analogy_n_negative_sig,closed_form_ci
meta-llama-Llama-3.1-8B,functional_group,0,0.0,0.9892647409490347,0.8651581163469114,0.4707883509076459,0.3943697654392655,0.7861211613604897,-0.01752612738804154,0.8036472887485312,0.11316678506767947,0.5363188982009888,0.42302534988682183,7,5,1,0.051421875
meta-llama-Llama-3.1-8B,functional_group,8,0.2581,0.9650495083805937,0.7838395765998907,0.5329423666011259,0.25089720999876475,0.5347473700449132,-0.03438153007870268,0.5691289001236159,0.07335402560174986,0.5706520676612854,0.3807871280504124,7,6,0,0.051421875
meta-llama-Llama-3.1-8B,functional_group,16,0.5161,0.9502138035381689,0.8124152892514279,0.568001553025478,0.24441373622594997,0.570754697317617,-0.03706050617810758,0.6078152034957245,0.044108341304923165,0.6000577807426453,0.4861895420721599,7,6,1,0.051421875
meta-llama-Llama-3.1-8B,functional_group,24,0.7742,0.8589633316641724,0.8829768284371025,0.49604018085652535,0.3869366475805771,0.7704744435716093,-0.04563345588727789,0.8161078994588872,0.044090048287907364,0.551263689994812,0.523063485111509,7,6,1,0.051421875
meta-llama-Llama-3.1-8B,functional_group,31,1.0,0.9441862965222472,0.8535301178170923,0.3994080949262736,0.4541220228908187,0.7542048677017814,-0.04412274549424332,0.7983276131960247,0.049080915265176946,0.4688490033149719,0.48137061510767254,7,6,1,0.051421875
phenixace-Chem-R-Faithful,functional_group,0,0.0,0.9855881753260589,0.8122654877472342,0.5354061302557391,0.27685935749149504,0.6652752712630389,-0.00755268962730202,0.6728279608903409,0.15878092702920998,0.5093951225280762,0.3669245530452047,7,7,0,0.051421875
phenixace-Chem-R-Faithful,functional_group,8,0.2581,0.9515778579412325,0.8310899541043398,0.5479772637832409,0.283112690321099,0.6303935755420018,-0.03843791071852255,0.6688314862605244,0.06478353128457075,0.5746452212333679,0.3268822410276958,7,6,1,0.051421875
phenixace-Chem-R-Faithful,functional_group,16,0.5161,0.8956464113542125,0.8877799625982318,0.5916875553540668,0.29609240724416497,0.7254281302815989,-0.04249634247375261,0.7679244727553516,0.03315898823729912,0.6118970513343811,0.43131265895707266,7,6,1,0.051421875
phenixace-Chem-R-Faithful,functional_group,24,0.7742,0.5885005106324507,0.7874400469294766,0.3830961017128712,0.4043439452166054,0.6476667128634035,-0.04028205560849699,0.6879487684719005,0.06590888298255172,0.4116910994052887,0.3726981835705893,7,6,1,0.051421875
phenixace-Chem-R-Faithful,functional_group,31,1.0,0.6757697216557704,0.7496000857729661,0.32713224960774273,0.4224678361652234,0.6163074609480406,-0.03906778249695395,0.6553752434449945,0.06636383929559854,0.35341957211494446,0.2740311345883778,7,6,1,0.051421875
deepseek-ai-DeepSeek-R1-Distill-Llama-8B,functional_group,0,0.0,0.9876499586679465,0.8341333170731863,0.44259906166680246,0.3915342554063838,0.7238080258432188,-0.028136544632307463,0.7519445704755262,0.13522330595794713,0.5065551996231079,0.3774557448923588,7,5,0,0.051421875
deepseek-ai-DeepSeek-R1-Distill-Llama-8B,functional_group,8,0.2581,0.9515123366455227,0.7865522812333023,0.5542196747601816,0.2323326064731207,0.5087600940217575,-0.03363798928475902,0.5423980833065165,0.05395635397573716,0.5795201659202576,0.34701954254082273,7,6,1,0.051421875
deepseek-ai-DeepSeek-R1-Distill-Llama-8B,functional_group,16,0.5161,0.9238445144689544,0.8317378848268274,0.5146564117779857,0.3170814730488417,0.6521589091995306,-0.04073700312529071,0.6928959123248213,0.041941160162432656,0.5496925115585327,0.3953579898391451,7,6,1,0.051421875
deepseek-ai-DeepSeek-R1-Distill-Llama-8B,functional_group,24,0.7742,0.648547324640752,0.8791232945626242,0.40219447157639815,0.476928822986226,0.7955450792061655,-0.046248138947924136,0.8417932181540896,0.03620043075744138,0.455998033285141,0.4011445939540863,7,6,1,0.051421875
deepseek-ai-DeepSeek-R1-Distill-Llama-8B,functional_group,31,1.0,0.8056830440448108,0.8323372722717753,0.3682350039397699,0.46410226833200546,0.7355799933797434,-0.04378854586980462,0.7793685392495481,0.04310987067715296,0.4211568832397461,0.31336733273097445,7,6,1,0.051421875
