model,layer,depth,group,within_score
meta-llama-Llama-3.1-8B,0,0.0,alcohol,0.8470584750175476
meta-llama-Llama-3.1-8B,0,0.0,aldehyde,0.9429176251093546
meta-llama-Llama-3.1-8B,0,0.0,alkyl bromide,0.8800635933876038
meta-llama-Llama-3.1-8B,0,0.0,alkyl chloride,0.6366511086622874
meta-llama-Llama-3.1-8B,0,0.0,alkyl fluoride,0.8020791014035543
meta-llama-Llama-3.1-8B,0,0.0,alkyl iodide,0.7177902857462565
meta-llama-Llama-3.1-8B,0,0.0,amide,0.9598670800526937
meta-llama-Llama-3.1-8B,0,0.0,amine,0.8415030539035797
meta-llama-Llama-3.1-8B,0,0.0,carboxylic acid,0.9571822881698608
meta-llama-Llama-3.1-8B,0,0.0,ester,0.9241443375746409
meta-llama-Llama-3.1-8B,0,0.0,ether,0.5753806779781977
meta-llama-Llama-3.1-8B,0,0.0,imine,0.9676260153452555
meta-llama-Llama-3.1-8B,0,0.0,ketone,0.9131091932455698
meta-llama-Llama-3.1-8B,0,0.0,nitrile,0.9904081622759501
meta-llama-Llama-3.1-8B,0,0.0,nitro,0.9816287259260813
meta-llama-Llama-3.1-8B,0,0.0,sulfone,0.9345703522364298
meta-llama-Llama-3.1-8B,0,0.0,sulfoxide,0.9186290303866068
meta-llama-Llama-3.1-8B,0,0.0,thioether,0.8338083624839783
meta-llama-Llama-3.1-8B,0,0.0,thiol,0.8135867416858673
meta-llama-Llama-3.1-8B,8,0.2581,alcohol,0.7242824534575144
meta-llama-Llama-3.1-8B,8,0.2581,aldehyde,0.6864510079224905
meta-llama-Llama-3.1-8B,8,0.2581,alkyl bromide,0.856979082028071
meta-llama-Llama-3.1-8B,8,0.2581,alkyl chloride,0.8051510155200958
meta-llama-Llama-3.1-8B,8,0.2581,alkyl fluoride,0.8579995930194855
meta-llama-Llama-3.1-8B,8,0.2581,alkyl iodide,0.8476598759492239
meta-llama-Llama-3.1-8B,8,0.2581,amide,0.7506262362003326
meta-llama-Llama-3.1-8B,8,0.2581,amine,0.755565365155538
meta-llama-Llama-3.1-8B,8,0.2581,carboxylic acid,0.7654944260915121
meta-llama-Llama-3.1-8B,8,0.2581,ester,0.774561474720637
meta-llama-Llama-3.1-8B,8,0.2581,ether,0.5919792254765829
meta-llama-Llama-3.1-8B,8,0.2581,imine,0.830082356929779
meta-llama-Llama-3.1-8B,8,0.2581,ketone,0.8138001958529154
meta-llama-Llama-3.1-8B,8,0.2581,nitrile,0.7113511562347412
meta-llama-Llama-3.1-8B,8,0.2581,nitro,0.9080640077590942
meta-llama-Llama-3.1-8B,8,0.2581,sulfone,0.8322140375773112
meta-llama-Llama-3.1-8B,8,0.2581,sulfoxide,0.8141265610853831
meta-llama-Llama-3.1-8B,8,0.2581,thioether,0.7211866279443105
meta-llama-Llama-3.1-8B,8,0.2581,thiol,0.8453772564729055
meta-llama-Llama-3.1-8B,16,0.5161,alcohol,0.7734464804331461
meta-llama-Llama-3.1-8B,16,0.5161,aldehyde,0.7821223139762878
meta-llama-Llama-3.1-8B,16,0.5161,alkyl bromide,0.7885547975699106
meta-llama-Llama-3.1-8B,16,0.5161,alkyl chloride,0.7744798759619395
meta-llama-Llama-3.1-8B,16,0.5161,alkyl fluoride,0.82877183953921
meta-llama-Llama-3.1-8B,16,0.5161,alkyl iodide,0.7601057887077332
meta-llama-Llama-3.1-8B,16,0.5161,amide,0.8394840260346731
meta-llama-Llama-3.1-8B,16,0.5161,amine,0.8068799376487732
meta-llama-Llama-3.1-8B,16,0.5161,carboxylic acid,0.8079940577348074
meta-llama-Llama-3.1-8B,16,0.5161,ester,0.8164774775505066
meta-llama-Llama-3.1-8B,16,0.5161,ether,0.6974438230196635
meta-llama-Llama-3.1-8B,16,0.5161,imine,0.8411302665869395
meta-llama-Llama-3.1-8B,16,0.5161,ketone,0.8298205633958181
meta-llama-Llama-3.1-8B,16,0.5161,nitrile,0.7852940360705057
meta-llama-Llama-3.1-8B,16,0.5161,nitro,0.882721076409022
meta-llama-Llama-3.1-8B,16,0.5161,sulfone,0.8629667063554128
meta-llama-Llama-3.1-8B,16,0.5161,sulfoxide,0.8664462566375732
meta-llama-Llama-3.1-8B,16,0.5161,thioether,0.8237495720386505
meta-llama-Llama-3.1-8B,16,0.5161,thiol,0.8680016001065572
meta-llama-Llama-3.1-8B,24,0.7742,alcohol,0.9182843963305155
meta-llama-Llama-3.1-8B,24,0.7742,aldehyde,0.8998477260271708
meta-llama-Llama-3.1-8B,24,0.7742,alkyl bromide,0.8417553007602692
meta-llama-Llama-3.1-8B,24,0.7742,alkyl chloride,0.8457106649875641
meta-llama-Llama-3.1-8B,24,0.7742,alkyl fluoride,0.8744011421998342
meta-llama-Llama-3.1-8B,24,0.7742,alkyl iodide,0.8228186865647634
meta-llama-Llama-3.1-8B,24,0.7742,amide,0.9193086425463358
meta-llama-Llama-3.1-8B,24,0.7742,amine,0.9094581405321757
meta-llama-Llama-3.1-8B,24,0.7742,carboxylic acid,0.9226266741752625
meta-llama-Llama-3.1-8B,24,0.7742,ester,0.8780883153279623
meta-llama-Llama-3.1-8B,24,0.7742,ether,0.7578639189402262
meta-llama-Llama-3.1-8B,24,0.7742,imine,0.905721386273702
meta-llama-Llama-3.1-8B,24,0.7742,ketone,0.9256468911965688
meta-llama-Llama-3.1-8B,24,0.7742,nitrile,0.9090542991956075
meta-llama-Llama-3.1-8B,24,0.7742,nitro,0.9161936243375143
meta-llama-Llama-3.1-8B,24,0.7742,sulfone,0.8933228055636088
meta-llama-Llama-3.1-8B,24,0.7742,sulfoxide,0.8983282446861267
meta-llama-Llama-3.1-8B,24,0.7742,thioether,0.8216240803400675
meta-llama-Llama-3.1-8B,24,0.7742,thiol,0.9165048003196716
meta-llama-Llama-3.1-8B,31,1.0,alcohol,0.87628173828125
meta-llama-Llama-3.1-8B,31,1.0,aldehyde,0.845114399989446
meta-llama-Llama-3.1-8B,31,1.0,alkyl bromide,0.819724460442861
meta-llama-Llama-3.1-8B,31,1.0,alkyl chloride,0.8047853906949362
meta-llama-Llama-3.1-8B,31,1.0,alkyl fluoride,0.880108118057251
meta-llama-Llama-3.1-8B,31,1.0,alkyl iodide,0.788983037074407
meta-llama-Llama-3.1-8B,31,1.0,amide,0.8877581854661306
meta-llama-Llama-3.1-8B,31,1.0,amine,0.8866055607795715
meta-llama-Llama-3.1-8B,31,1.0,carboxylic acid,0.8814271986484528
meta-llama-Llama-3.1-8B,31,1.0,ester,0.7958890994389852
meta-llama-Llama-3.1-8B,31,1.0,ether,0.7172981997330984
meta-llama-Llama-3.1-8B,31,1.0,imine,0.8968914449214935
meta-llama-Llama-3.1-8B,31,1.0,ketone,0.8781697849432627
meta-llama-Llama-3.1-8B,31,1.0,nitrile,0.853750099738439
meta-llama-Llama-3.1-8B,31,1.0,nitro,0.8968296945095062
meta-llama-Llama-3.1-8B,31,1.0,sulfone,0.8686867554982504
meta-llama-Llama-3.1-8B,31,1.0,sulfoxide,0.8812792003154755
meta-llama-Llama-3.1-8B,31,1.0,thioether,0.8276039659976959
meta-llama-Llama-3.1-8B,31,1.0,thiol,0.9298859039942423
phenixace-Chem-R-Faithful,0,0.0,alcohol,0.8151592115561167
phenixace-Chem-R-Faithful,0,0.0,aldehyde,0.9502536853154501
phenixace-Chem-R-Faithful,0,0.0,alkyl bromide,0.8073032597700754
phenixace-Chem-R-Faithful,0,0.0,alkyl chloride,0.6647433539231619
phenixace-Chem-R-Faithful,0,0.0,alkyl fluoride,0.7538593411445618
phenixace-Chem-R-Faithful,0,0.0,alkyl iodide,0.4755442241827647
phenixace-Chem-R-Faithful,0,0.0,amide,0.9670146207014719
phenixace-Chem-R-Faithful,0,0.0,amine,0.8226087590058645
phenixace-Chem-R-Faithful,0,0.0,carboxylic acid,0.9670365154743195
phenixace-Chem-R-Faithful,0,0.0,ester,0.8255105515321096
phenixace-Chem-R-Faithful,0,0.0,ether,0.4003971839944522
phenixace-Chem-R-Faithful,0,0.0,imine,0.9742691814899445
phenixace-Chem-R-Faithful,0,0.0,ketone,0.8579946557680765
phenixace-Chem-R-Faithful,0,0.0,nitrile,0.9894832074642181
phenixace-Chem-R-Faithful,0,0.0,nitro,0.960943321386973
phenixace-Chem-R-Faithful,0,0.0,sulfone,0.8808277746041616
phenixace-Chem-R-Faithful,0,0.0,sulfoxide,0.8241133590539297
phenixace-Chem-R-Faithful,0,0.0,thioether,0.6823524634043375
phenixace-Chem-R-Faithful,0,0.0,thiol,0.8136295974254608
phenixace-Chem-R-Faithful,8,0.2581,alcohol,0.7914269069830576
phenixace-Chem-R-Faithful,8,0.2581,aldehyde,0.797529915968577
phenixace-Chem-R-Faithful,8,0.2581,alkyl bromide,0.89449209968249
phenixace-Chem-R-Faithful,8,0.2581,alkyl chloride,0.8606353998184204
phenixace-Chem-R-Faithful,8,0.2581,alkyl fluoride,0.8614761928717295
phenixace-Chem-R-Faithful,8,0.2581,alkyl iodide,0.8742570479710897
phenixace-Chem-R-Faithful,8,0.2581,amide,0.862556000550588
phenixace-Chem-R-Faithful,8,0.2581,amine,0.8245936036109924
phenixace-Chem-R-Faithful,8,0.2581,carboxylic acid,0.8513679703076681
phenixace-Chem-R-Faithful,8,0.2581,ester,0.799511710802714
phenixace-Chem-R-Faithful,8,0.2581,ether,0.6310025453567505
phenixace-Chem-R-Faithful,8,0.2581,imine,0.8880635201931
phenixace-Chem-R-Faithful,8,0.2581,ketone,0.7642304102579752
phenixace-Chem-R-Faithful,8,0.2581,nitrile,0.8355235060056051
phenixace-Chem-R-Faithful,8,0.2581,nitro,0.9236632486184438
phenixace-Chem-R-Faithful,8,0.2581,sulfone,0.8642489413420359
phenixace-Chem-R-Faithful,8,0.2581,sulfoxide,0.8594788908958435
phenixace-Chem-R-Faithful,8,0.2581,thioether,0.7436020871003469
phenixace-Chem-R-Faithful,8,0.2581,thiol,0.8630491296450297
phenixace-Chem-R-Faithful,16,0.5161,alcohol,0.8915143807729086
phenixace-Chem-R-Faithful,16,0.5161,aldehyde,0.8871563374996185
phenixace-Chem-R-Faithful,16,0.5161,alkyl bromide,0.9092223246892294
phenixace-Chem-R-Faithful,16,0.5161,alkyl chloride,0.8621982634067535
phenixace-Chem-R-Faithful,16,0.5161,alkyl fluoride,0.866223524014155
phenixace-Chem-R-Faithful,16,0.5161,alkyl iodide,0.87647012869517
phenixace-Chem-R-Faithful,16,0.5161,amide,0.9269273479779562
phenixace-Chem-R-Faithful,16,0.5161,amine,0.9062423904736837
phenixace-Chem-R-Faithful,16,0.5161,carboxylic acid,0.9082307716210684
phenixace-Chem-R-Faithful,16,0.5161,ester,0.8804537057876587
phenixace-Chem-R-Faithful,16,0.5161,ether,0.789302388827006
phenixace-Chem-R-Faithful,16,0.5161,imine,0.9193167984485626
phenixace-Chem-R-Faithful,16,0.5161,ketone,0.8495446642239889
phenixace-Chem-R-Faithful,16,0.5161,nitrile,0.9087051749229431
phenixace-Chem-R-Faithful,16,0.5161,nitro,0.9357172250747681
phenixace-Chem-R-Faithful,16,0.5161,sulfone,0.9082070390383402
phenixace-Chem-R-Faithful,16,0.5161,sulfoxide,0.8936775624752045
phenixace-Chem-R-Faithful,16,0.5161,thioether,0.8506721158822378
phenixace-Chem-R-Faithful,16,0.5161,thiol,0.8980371455351511
phenixace-Chem-R-Faithful,24,0.7742,alcohol,0.8184665044148763
phenixace-Chem-R-Faithful,24,0.7742,aldehyde,0.8377953171730042
phenixace-Chem-R-Faithful,24,0.7742,alkyl bromide,0.8136870364348093
phenixace-Chem-R-Faithful,24,0.7742,alkyl chloride,0.7648815711339315
phenixace-Chem-R-Faithful,24,0.7742,alkyl fluoride,0.7649065752824148
phenixace-Chem-R-Faithful,24,0.7742,alkyl iodide,0.7853869299093882
phenixace-Chem-R-Faithful,24,0.7742,amide,0.85789222518603
phenixace-Chem-R-Faithful,24,0.7742,amine,0.8225878179073334
phenixace-Chem-R-Faithful,24,0.7742,carboxylic acid,0.8495173752307892
phenixace-Chem-R-Faithful,24,0.7742,ester,0.695168008406957
phenixace-Chem-R-Faithful,24,0.7742,ether,0.6041248838106791
phenixace-Chem-R-Faithful,24,0.7742,imine,0.8446261882781982
phenixace-Chem-R-Faithful,24,0.7742,ketone,0.8034610748291016
phenixace-Chem-R-Faithful,24,0.7742,nitrile,0.8499339818954468
phenixace-Chem-R-Faithful,24,0.7742,nitro,0.8425599038600922
phenixace-Chem-R-Faithful,24,0.7742,sulfone,0.7126271923383077
phenixace-Chem-R-Faithful,24,0.7742,sulfoxide,0.7733319600423177
phenixace-Chem-R-Faithful,24,0.7742,thioether,0.6993499994277954
phenixace-Chem-R-Faithful,24,0.7742,thiol,0.8210563460985819
phenixace-Chem-R-Faithful,31,1.0,alcohol,0.7878103752930959
phenixace-Chem-R-Faithful,31,1.0,aldehyde,0.7847591638565063
phenixace-Chem-R-Faithful,31,1.0,alkyl bromide,0.7946631411711375
phenixace-Chem-R-Faithful,31,1.0,alkyl chloride,0.7540207803249359
phenixace-Chem-R-Faithful,31,1.0,alkyl fluoride,0.7473388512929281
phenixace-Chem-R-Faithful,31,1.0,alkyl iodide,0.7699004610379537
phenixace-Chem-R-Faithful,31,1.0,amide,0.795968621969223
phenixace-Chem-R-Faithful,31,1.0,amine,0.776903768380483
phenixace-Chem-R-Faithful,31,1.0,carboxylic acid,0.7839969793955485
phenixace-Chem-R-Faithful,31,1.0,ester,0.6287444432576498
phenixace-Chem-R-Faithful,31,1.0,ether,0.5414428015549978
phenixace-Chem-R-Faithful,31,1.0,imine,0.80052849650383
phenixace-Chem-R-Faithful,31,1.0,ketone,0.7585185865561167
phenixace-Chem-R-Faithful,31,1.0,nitrile,0.7890818814436594
phenixace-Chem-R-Faithful,31,1.0,nitro,0.808357318242391
phenixace-Chem-R-Faithful,31,1.0,sulfone,0.6883845428625742
phenixace-Chem-R-Faithful,31,1.0,sulfoxide,0.7548238933086395
phenixace-Chem-R-Faithful,31,1.0,thioether,0.6895933548609415
phenixace-Chem-R-Faithful,31,1.0,thiol,0.7875641683737437
deepseek-ai-DeepSeek-R1-Distill-Llama-8B,0,0.0,alcohol,0.8767106831073761
deepseek-ai-DeepSeek-R1-Distill-Llama-8B,0,0.0,aldehyde,0.9106191198031107
deepseek-ai-DeepSeek-R1-Distill-Llama-8B,0,0.0,alkyl bromide,0.8285332421461741
deepseek-ai-DeepSeek-R1-Distill-Llama-8B,0,0.0,alkyl chloride,0.6015573193629583
deepseek-ai-DeepSeek-R1-Distill-Llama-8B,0,0.0,alkyl fluoride,0.7711163361867269
deepseek-ai-DeepSeek-R1-Distill-Llama-8B,0,0.0,alkyl iodide,0.633851577838262
deepseek-ai-DeepSeek-R1-Distill-Llama-8B,0,0.0,amide,0.9493009448051453
deepseek-ai-DeepSeek-R1-Distill-Llama-8B,0,0.0,amine,0.8662703136603037
deepseek-ai-DeepSeek-R1-Distill-Llama-8B,0,0.0,carboxylic acid,0.9458525876204172
deepseek-ai-DeepSeek-R1-Distill-Llama-8B,0,0.0,ester,0.8685628970464071
deepseek-ai-DeepSeek-R1-Distill-Llama-8B,0,0.0,ether,0.4532042195399602
deepseek-ai-DeepSeek-R1-Distill-Llama-8B,0,0.0,imine,0.9487437605857849
deepseek-ai-DeepSeek-R1-Distill-Llama-8B,0,0.0,ketone,0.8787214259306589
deepseek-ai-DeepSeek-R1-Distill-Llama-8B,0,0.0,nitrile,0.9833419223626455
deepseek-ai-DeepSeek-R1-Distill-Llama-8B,0,0.0,nitro,0.9705214202404022
deepseek-ai-DeepSeek-R1-Distill-Llama-8B,0,0.0,sulfone,0.9028364717960358
deepseek-ai-DeepSeek-R1-Distill-Llama-8B,0,0.0,sulfoxide,0.8712629874547323
deepseek-ai-DeepSeek-R1-Distill-Llama-8B,0,0.0,thioether,0.7541716396808624
deepseek-ai-DeepSeek-R1-Distill-Llama-8B,0,0.0,thiol,0.8333541552225748
deepseek-ai-DeepSeek-R1-Distill-Llama-8B,8,0.2581,alcohol,0.7537646691004435
deepseek-ai-DeepSeek-R1-Distill-Llama-8B,8,0.2581,aldehyde,0.7367366353670756
deepseek-ai-DeepSeek-R1-Distill-Llama-8B,8,0.2581,alkyl bromide,0.8343650798002878
deepseek-ai-DeepSeek-R1-Distill-Llama-8B,8,0.2581,alkyl chloride,0.7479842901229858
deepseek-ai-DeepSeek-R1-Distill-Llama-8B,8,0.2581,alkyl fluoride,0.8244617382685343
deepseek-ai-DeepSeek-R1-Distill-Llama-8B,8,0.2581,alkyl iodide,0.7930053273836771
deepseek-ai-DeepSeek-R1-Distill-Llama-8B,8,0.2581,amide,0.7863671978314718
deepseek-ai-DeepSeek-R1-Distill-Llama-8B,8,0.2581,amine,0.7824122905731201
deepseek-ai-DeepSeek-R1-Distill-Llama-8B,8,0.2581,carboxylic acid,0.7928100824356079
deepseek-ai-DeepSeek-R1-Distill-Llama-8B,8,0.2581,ester,0.7804749409357706
deepseek-ai-DeepSeek-R1-Distill-Llama-8B,8,0.2581,ether,0.6363652845223745
deepseek-ai-DeepSeek-R1-Distill-Llama-8B,8,0.2581,imine,0.8379836877187093
deepseek-ai-DeepSeek-R1-Distill-Llama-8B,8,0.2581,ketone,0.7869568367799123
deepseek-ai-DeepSeek-R1-Distill-Llama-8B,8,0.2581,nitrile,0.7683502733707428
deepseek-ai-DeepSeek-R1-Distill-Llama-8B,8,0.2581,nitro,0.8854267299175262
deepseek-ai-DeepSeek-R1-Distill-Llama-8B,8,0.2581,sulfone,0.8315063416957855
deepseek-ai-DeepSeek-R1-Distill-Llama-8B,8,0.2581,sulfoxide,0.8175621430079142
deepseek-ai-DeepSeek-R1-Distill-Llama-8B,8,0.2581,thioether,0.7115111351013184
deepseek-ai-DeepSeek-R1-Distill-Llama-8B,8,0.2581,thiol,0.8364486594994863
deepseek-ai-DeepSeek-R1-Distill-Llama-8B,16,0.5161,alcohol,0.8231513202190399
deepseek-ai-DeepSeek-R1-Distill-Llama-8B,16,0.5161,aldehyde,0.8193078637123108
deepseek-ai-DeepSeek-R1-Distill-Llama-8B,16,0.5161,alkyl bromide,0.8450787365436554
deepseek-ai-DeepSeek-R1-Distill-Llama-8B,16,0.5161,alkyl chloride,0.7924208243687948
deepseek-ai-DeepSeek-R1-Distill-Llama-8B,16,0.5161,alkyl fluoride,0.7760106027126312
deepseek-ai-DeepSeek-R1-Distill-Llama-8B,16,0.5161,alkyl iodide,0.7664364377657572
deepseek-ai-DeepSeek-R1-Distill-Llama-8B,16,0.5161,amide,0.8400115072727203
deepseek-ai-DeepSeek-R1-Distill-Llama-8B,16,0.5161,amine,0.8464125792185465
deepseek-ai-DeepSeek-R1-Distill-Llama-8B,16,0.5161,carboxylic acid,0.8642881115277609
deepseek-ai-DeepSeek-R1-Distill-Llama-8B,16,0.5161,ester,0.8328183988730112
deepseek-ai-DeepSeek-R1-Distill-Llama-8B,16,0.5161,ether,0.7204020321369171
deepseek-ai-DeepSeek-R1-Distill-Llama-8B,16,0.5161,imine,0.8700891037782034
deepseek-ai-DeepSeek-R1-Distill-Llama-8B,16,0.5161,ketone,0.8409221371014913
deepseek-ai-DeepSeek-R1-Distill-Llama-8B,16,0.5161,nitrile,0.847568561633428
deepseek-ai-DeepSeek-R1-Distill-Llama-8B,16,0.5161,nitro,0.8798642853895823
deepseek-ai-DeepSeek-R1-Distill-Llama-8B,16,0.5161,sulfone,0.8701136708259583
deepseek-ai-DeepSeek-R1-Distill-Llama-8B,16,0.5161,sulfoxide,0.8717491626739502
deepseek-ai-DeepSeek-R1-Distill-Llama-8B,16,0.5161,thioether,0.8119694590568542
deepseek-ai-DeepSeek-R1-Distill-Llama-8B,16,0.5161,thiol,0.8844050168991089
deepseek-ai-DeepSeek-R1-Distill-Llama-8B,24,0.7742,alcohol,0.9000288248062134
deepseek-ai-DeepSeek-R1-Distill-Llama-8B,24,0.7742,aldehyde,0.889306386311849
deepseek-ai-DeepSeek-R1-Distill-Llama-8B,24,0.7742,alkyl bromide,0.8638443152109782
deepseek-ai-DeepSeek-R1-Distill-Llama-8B,24,0.7742,alkyl chloride,0.8364976247151693
deepseek-ai-DeepSeek-R1-Distill-Llama-8B,24,0.7742,alkyl fluoride,0.8438190718491873
deepseek-ai-DeepSeek-R1-Distill-Llama-8B,24,0.7742,alkyl iodide,0.7984221577644348
deepseek-ai-DeepSeek-R1-Distill-Llama-8B,24,0.7742,amide,0.9063282211621603
deepseek-ai-DeepSeek-R1-Distill-Llama-8B,24,0.7742,amine,0.9018986423810323
deepseek-ai-DeepSeek-R1-Distill-Llama-8B,24,0.7742,carboxylic acid,0.9140583376089731
deepseek-ai-DeepSeek-R1-Distill-Llama-8B,24,0.7742,ester,0.8575130701065063
deepseek-ai-DeepSeek-R1-Distill-Llama-8B,24,0.7742,ether,0.8008067508538564
deepseek-ai-DeepSeek-R1-Distill-Llama-8B,24,0.7742,imine,0.9061867694060007
deepseek-ai-DeepSeek-R1-Distill-Llama-8B,24,0.7742,ketone,0.8891071875890096
deepseek-ai-DeepSeek-R1-Distill-Llama-8B,24,0.7742,nitrile,0.920736143986384
deepseek-ai-DeepSeek-R1-Distill-Llama-8B,24,0.7742,nitro,0.8956899245580038
deepseek-ai-DeepSeek-R1-Distill-Llama-8B,24,0.7742,sulfone,0.8875038027763367
deepseek-ai-DeepSeek-R1-Distill-Llama-8B,24,0.7742,sulfoxide,0.8916465838750204
deepseek-ai-DeepSeek-R1-Distill-Llama-8B,24,0.7742,thioether,0.8722778161366781
deepseek-ai-DeepSeek-R1-Distill-Llama-8B,24,0.7742,thiol,0.9276709655920664
deepseek-ai-DeepSeek-R1-Distill-Llama-8B,31,1.0,alcohol,0.8410879671573639
deepseek-ai-DeepSeek-R1-Distill-Llama-8B,31,1.0,aldehyde,0.8341436286767324
deepseek-ai-DeepSeek-R1-Distill-Llama-8B,31,1.0,alkyl bromide,0.8155125776926676
deepseek-ai-DeepSeek-R1-Distill-Llama-8B,31,1.0,alkyl chloride,0.742033839225769
deepseek-ai-DeepSeek-R1-Distill-Llama-8B,31,1.0,alkyl fluoride,0.824254165093104
deepseek-ai-DeepSeek-R1-Distill-Llama-8B,31,1.0,alkyl iodide,0.7565854589144388
deepseek-ai-DeepSeek-R1-Distill-Llama-8B,31,1.0,amide,0.862520694732666
deepseek-ai-DeepSeek-R1-Distill-Llama-8B,31,1.0,amine,0.8396050035953522
deepseek-ai-DeepSeek-R1-Distill-Llama-8B,31,1.0,carboxylic acid,0.8626428445180258
deepseek-ai-DeepSeek-R1-Distill-Llama-8B,31,1.0,ester,0.8118888437747955
deepseek-ai-DeepSeek-R1-Distill-Llama-8B,31,1.0,ether,0.7450609803199768
deepseek-ai-DeepSeek-R1-Distill-Llama-8B,31,1.0,imine,0.8778235117594401
deepseek-ai-DeepSeek-R1-Distill-Llama-8B,31,1.0,ketone,0.8438266317049662
deepseek-ai-DeepSeek-R1-Distill-Llama-8B,31,1.0,nitrile,0.8612829248110453
deepseek-ai-DeepSeek-R1-Distill-Llama-8B,31,1.0,nitro,0.8813982506593069
deepseek-ai-DeepSeek-R1-Distill-Llama-8B,31,1.0,sulfone,0.8579820493857065
deepseek-ai-DeepSeek-R1-Distill-Llama-8B,31,1.0,sulfoxide,0.8690622647603353
deepseek-ai-DeepSeek-R1-Distill-Llama-8B,31,1.0,thioether,0.8028929829597473
deepseek-ai-DeepSeek-R1-Distill-Llama-8B,31,1.0,thiol,0.8848035534222921
