model,entity_type,layer,k,n_points,knn_template_index_centered,knn_template_index_raw,chance_template_index,knn_coarse_family_centered,knn_coarse_family_raw,chance_coarse_family,knn_functional_group_centered,knn_functional_group_raw,chance_functional_group
meta-llama-Llama-3.1-8B,functional_group,0,10,920,0.7122,0.7118,0.099,0.6155,0.6151,0.2392,0.4688,0.4685,0.0538
meta-llama-Llama-3.1-8B,functional_group,1,10,920,0.9322,0.9316,0.099,0.5872,0.5864,0.2392,0.3808,0.3815,0.0538
meta-llama-Llama-3.1-8B,functional_group,2,10,920,0.9827,0.9834,0.099,0.5409,0.5397,0.2392,0.3407,0.3392,0.0538
meta-llama-Llama-3.1-8B,functional_group,3,10,920,0.9908,0.9912,0.099,0.5583,0.558,0.2392,0.3512,0.3508,0.0538
meta-llama-Llama-3.1-8B,functional_group,4,10,920,0.9934,0.9939,0.099,0.5621,0.5601,0.2392,0.3449,0.3427,0.0538
meta-llama-Llama-3.1-8B,functional_group,5,10,920,0.9922,0.9917,0.099,0.5464,0.5472,0.2392,0.3313,0.33,0.0538
meta-llama-Llama-3.1-8B,functional_group,6,10,920,0.9853,0.9852,0.099,0.5498,0.5493,0.2392,0.3301,0.331,0.0538
meta-llama-Llama-3.1-8B,functional_group,7,10,920,0.9843,0.9841,0.099,0.5543,0.554,0.2392,0.3305,0.3308,0.0538
meta-llama-Llama-3.1-8B,functional_group,8,10,920,0.9708,0.9704,0.099,0.5843,0.5822,0.2392,0.3515,0.3509,0.0538
meta-llama-Llama-3.1-8B,functional_group,9,10,920,0.9784,0.9793,0.099,0.5845,0.5834,0.2392,0.3458,0.3436,0.0538
meta-llama-Llama-3.1-8B,functional_group,10,10,920,0.9774,0.9786,0.099,0.595,0.594,0.2392,0.3447,0.3434,0.0538
meta-llama-Llama-3.1-8B,functional_group,11,10,920,0.972,0.9735,0.099,0.6059,0.6047,0.2392,0.3479,0.3459,0.0538
meta-llama-Llama-3.1-8B,functional_group,12,10,920,0.9604,0.9608,0.099,0.62,0.6204,0.2392,0.3564,0.3562,0.0538
meta-llama-Llama-3.1-8B,functional_group,13,10,920,0.9499,0.9496,0.099,0.6324,0.6303,0.2392,0.3641,0.3621,0.0538
meta-llama-Llama-3.1-8B,functional_group,14,10,920,0.9366,0.9371,0.099,0.6423,0.6385,0.2392,0.3725,0.3696,0.0538
meta-llama-Llama-3.1-8B,functional_group,15,10,920,0.9367,0.9373,0.099,0.6499,0.6454,0.2392,0.3751,0.3712,0.0538
meta-llama-Llama-3.1-8B,functional_group,16,10,920,0.9211,0.9229,0.099,0.7205,0.716,0.2392,0.4158,0.41,0.0538
meta-llama-Llama-3.1-8B,functional_group,17,10,920,0.9024,0.9036,0.099,0.7502,0.748,0.2392,0.4329,0.4301,0.0538
meta-llama-Llama-3.1-8B,functional_group,18,10,920,0.8734,0.8733,0.099,0.7788,0.7777,0.2392,0.4663,0.4641,0.0538
meta-llama-Llama-3.1-8B,functional_group,19,10,920,0.8195,0.8146,0.099,0.8642,0.8641,0.2392,0.5325,0.5329,0.0538
meta-llama-Llama-3.1-8B,functional_group,20,10,920,0.8014,0.7971,0.099,0.8797,0.8786,0.2392,0.5496,0.5499,0.0538
meta-llama-Llama-3.1-8B,functional_group,21,10,920,0.7436,0.7417,0.099,0.9251,0.9246,0.2392,0.621,0.6211,0.0538
meta-llama-Llama-3.1-8B,functional_group,22,10,920,0.7246,0.7239,0.099,0.9283,0.9274,0.2392,0.6361,0.6363,0.0538
meta-llama-Llama-3.1-8B,functional_group,23,10,920,0.7026,0.7045,0.099,0.9314,0.9301,0.2392,0.655,0.6522,0.0538
meta-llama-Llama-3.1-8B,functional_group,24,10,920,0.6929,0.6968,0.099,0.9351,0.9345,0.2392,0.6637,0.6599,0.0538
meta-llama-Llama-3.1-8B,functional_group,25,10,920,0.702,0.7053,0.099,0.9383,0.9384,0.2392,0.6582,0.6549,0.0538
meta-llama-Llama-3.1-8B,functional_group,26,10,920,0.706,0.7077,0.099,0.9359,0.9343,0.2392,0.6532,0.6493,0.0538
meta-llama-Llama-3.1-8B,functional_group,27,10,920,0.7085,0.7079,0.099,0.9328,0.9307,0.2392,0.6484,0.647,0.0538
meta-llama-Llama-3.1-8B,functional_group,28,10,920,0.7159,0.711,0.099,0.9284,0.93,0.2392,0.6434,0.6461,0.0538
meta-llama-Llama-3.1-8B,functional_group,29,10,920,0.7209,0.7123,0.099,0.9362,0.9385,0.2392,0.6445,0.6511,0.0538
meta-llama-Llama-3.1-8B,functional_group,30,10,920,0.7236,0.7162,0.099,0.9491,0.9476,0.2392,0.6441,0.648,0.0538
meta-llama-Llama-3.1-8B,functional_group,31,10,920,0.7592,0.7507,0.099,0.9345,0.9368,0.2392,0.5929,0.6039,0.0538
weidawang-Chem-R-8B,functional_group,0,10,920,0.7001,0.7011,0.099,0.5953,0.5966,0.2392,0.4459,0.4454,0.0538
weidawang-Chem-R-8B,functional_group,1,10,920,0.8555,0.8578,0.099,0.6138,0.6117,0.2392,0.42,0.4173,0.0538
weidawang-Chem-R-8B,functional_group,2,10,920,0.9727,0.9737,0.099,0.5367,0.5354,0.2392,0.3314,0.33,0.0538
weidawang-Chem-R-8B,functional_group,3,10,920,0.9877,0.9893,0.099,0.5703,0.5715,0.2392,0.331,0.3287,0.0538
weidawang-Chem-R-8B,functional_group,4,10,920,0.9925,0.9929,0.099,0.6038,0.6047,0.2392,0.3435,0.3426,0.0538
weidawang-Chem-R-8B,functional_group,5,10,920,0.988,0.9895,0.099,0.6079,0.6096,0.2392,0.3473,0.347,0.0538
weidawang-Chem-R-8B,functional_group,6,10,920,0.9861,0.987,0.099,0.6213,0.6226,0.2392,0.3509,0.3502,0.0538
weidawang-Chem-R-8B,functional_group,7,10,920,0.9861,0.9874,0.099,0.6293,0.6287,0.2392,0.3566,0.3549,0.0538
weidawang-Chem-R-8B,functional_group,8,10,920,0.9743,0.9751,0.099,0.6391,0.6382,0.2392,0.3712,0.3702,0.0538
weidawang-Chem-R-8B,functional_group,9,10,920,0.9736,0.9745,0.099,0.6434,0.6439,0.2392,0.3701,0.3711,0.0538
weidawang-Chem-R-8B,functional_group,10,10,920,0.9609,0.9613,0.099,0.6583,0.657,0.2392,0.3863,0.3853,0.0538
weidawang-Chem-R-8B,functional_group,11,10,920,0.9492,0.9496,0.099,0.6633,0.6618,0.2392,0.3948,0.3936,0.0538
weidawang-Chem-R-8B,functional_group,12,10,920,0.944,0.9452,0.099,0.6662,0.6671,0.2392,0.4002,0.3982,0.0538
weidawang-Chem-R-8B,functional_group,13,10,920,0.9347,0.9365,0.099,0.6723,0.6723,0.2392,0.4041,0.4021,0.0538
weidawang-Chem-R-8B,functional_group,14,10,920,0.9258,0.9271,0.099,0.6676,0.667,0.2392,0.4013,0.3976,0.0538
weidawang-Chem-R-8B,functional_group,15,10,920,0.9223,0.9227,0.099,0.6668,0.6646,0.2392,0.4047,0.4037,0.0538
weidawang-Chem-R-8B,functional_group,16,10,920,0.896,0.896,0.099,0.712,0.7104,0.2392,0.444,0.4441,0.0538
weidawang-Chem-R-8B,functional_group,17,10,920,0.8633,0.8665,0.099,0.6998,0.6947,0.2392,0.4463,0.4427,0.0538
weidawang-Chem-R-8B,functional_group,18,10,920,0.8209,0.8239,0.099,0.746,0.7438,0.2392,0.4966,0.4934,0.0538
weidawang-Chem-R-8B,functional_group,19,10,920,0.7828,0.7865,0.099,0.7997,0.7986,0.2392,0.5427,0.5388,0.0538
weidawang-Chem-R-8B,functional_group,20,10,920,0.7624,0.7676,0.099,0.8043,0.8,0.2392,0.5598,0.5533,0.0538
weidawang-Chem-R-8B,functional_group,21,10,920,0.7125,0.7186,0.099,0.8568,0.8489,0.2392,0.6211,0.6146,0.0538
weidawang-Chem-R-8B,functional_group,22,10,920,0.6851,0.6852,0.099,0.8711,0.8674,0.2392,0.653,0.652,0.0538
weidawang-Chem-R-8B,functional_group,23,10,920,0.6595,0.6561,0.099,0.8786,0.8792,0.2392,0.675,0.678,0.0538
weidawang-Chem-R-8B,functional_group,24,10,920,0.6336,0.6299,0.099,0.8938,0.8927,0.2392,0.7018,0.7035,0.0538
weidawang-Chem-R-8B,functional_group,25,10,920,0.6226,0.6175,0.099,0.8985,0.899,0.2392,0.7151,0.7192,0.0538
weidawang-Chem-R-8B,functional_group,26,10,920,0.6188,0.6114,0.099,0.9001,0.9005,0.2392,0.7216,0.7268,0.0538
weidawang-Chem-R-8B,functional_group,27,10,920,0.6068,0.5953,0.099,0.9029,0.9059,0.2392,0.7325,0.7409,0.0538
weidawang-Chem-R-8B,functional_group,28,10,920,0.6072,0.5882,0.099,0.9018,0.907,0.2392,0.7324,0.7475,0.0538
weidawang-Chem-R-8B,functional_group,29,10,920,0.5991,0.5729,0.099,0.9084,0.916,0.2392,0.7421,0.7638,0.0538
weidawang-Chem-R-8B,functional_group,30,10,920,0.5834,0.5511,0.099,0.9165,0.9258,0.2392,0.7591,0.7859,0.0538
weidawang-Chem-R-8B,functional_group,31,10,920,0.5865,0.5628,0.099,0.9132,0.9134,0.2392,0.7526,0.7724,0.0538
phenixace-Chem-R-Faithful,functional_group,0,10,920,0.6983,0.7001,0.099,0.5968,0.599,0.2392,0.4466,0.4462,0.0538
phenixace-Chem-R-Faithful,functional_group,1,10,920,0.8525,0.8536,0.099,0.6174,0.6177,0.2392,0.424,0.4228,0.0538
phenixace-Chem-R-Faithful,functional_group,2,10,920,0.9652,0.9661,0.099,0.543,0.5416,0.2392,0.3392,0.3378,0.0538
phenixace-Chem-R-Faithful,functional_group,3,10,920,0.9846,0.9863,0.099,0.5735,0.5732,0.2392,0.3327,0.3309,0.0538
phenixace-Chem-R-Faithful,functional_group,4,10,920,0.9925,0.9928,0.099,0.6013,0.6024,0.2392,0.342,0.3411,0.0538
phenixace-Chem-R-Faithful,functional_group,5,10,920,0.9875,0.9889,0.099,0.6074,0.607,0.2392,0.3465,0.3452,0.0538
phenixace-Chem-R-Faithful,functional_group,6,10,920,0.9864,0.9878,0.099,0.6185,0.6188,0.2392,0.3497,0.3487,0.0538
phenixace-Chem-R-Faithful,functional_group,7,10,920,0.9854,0.9867,0.099,0.625,0.6239,0.2392,0.3554,0.353,0.0538
phenixace-Chem-R-Faithful,functional_group,8,10,920,0.9728,0.9742,0.099,0.6376,0.6372,0.2392,0.3689,0.3682,0.0538
phenixace-Chem-R-Faithful,functional_group,9,10,920,0.9729,0.9732,0.099,0.6405,0.64,0.2392,0.368,0.3687,0.0538
phenixace-Chem-R-Faithful,functional_group,10,10,920,0.9591,0.9591,0.099,0.657,0.656,0.2392,0.3864,0.3861,0.0538
phenixace-Chem-R-Faithful,functional_group,11,10,920,0.9477,0.9485,0.099,0.6612,0.6597,0.2392,0.3973,0.3945,0.0538
phenixace-Chem-R-Faithful,functional_group,12,10,920,0.9424,0.944,0.099,0.6657,0.6654,0.2392,0.4018,0.399,0.0538
phenixace-Chem-R-Faithful,functional_group,13,10,920,0.9303,0.9323,0.099,0.6723,0.6741,0.2392,0.4071,0.4058,0.0538
phenixace-Chem-R-Faithful,functional_group,14,10,920,0.9201,0.921,0.099,0.6687,0.6691,0.2392,0.4054,0.4038,0.0538
phenixace-Chem-R-Faithful,functional_group,15,10,920,0.915,0.9161,0.099,0.6684,0.6686,0.2392,0.4126,0.4117,0.0538
phenixace-Chem-R-Faithful,functional_group,16,10,920,0.8837,0.8854,0.099,0.7145,0.7116,0.2392,0.4579,0.4541,0.0538
phenixace-Chem-R-Faithful,functional_group,17,10,920,0.8373,0.8404,0.099,0.7103,0.707,0.2392,0.4763,0.4721,0.0538
phenixace-Chem-R-Faithful,functional_group,18,10,920,0.7904,0.7928,0.099,0.767,0.7627,0.2392,0.5316,0.5272,0.0538
phenixace-Chem-R-Faithful,functional_group,19,10,920,0.746,0.7527,0.099,0.8186,0.8138,0.2392,0.5842,0.5767,0.0538
phenixace-Chem-R-Faithful,functional_group,20,10,920,0.7216,0.7309,0.099,0.8242,0.8177,0.2392,0.6039,0.5937,0.0538
phenixace-Chem-R-Faithful,functional_group,21,10,920,0.64,0.6412,0.099,0.8888,0.8848,0.2392,0.6943,0.6908,0.0538
phenixace-Chem-R-Faithful,functional_group,22,10,920,0.6037,0.5991,0.099,0.9058,0.9048,0.2392,0.733,0.7358,0.0538
phenixace-Chem-R-Faithful,functional_group,23,10,920,0.5652,0.5595,0.099,0.9182,0.9198,0.2392,0.766,0.7709,0.0538
phenixace-Chem-R-Faithful,functional_group,24,10,920,0.5328,0.524,0.099,0.9317,0.9341,0.2392,0.798,0.8046,0.0538
phenixace-Chem-R-Faithful,functional_group,25,10,920,0.5178,0.5082,0.099,0.9388,0.9408,0.2392,0.8143,0.8212,0.0538
phenixace-Chem-R-Faithful,functional_group,26,10,920,0.5109,0.4979,0.099,0.9426,0.9448,0.2392,0.8237,0.8325,0.0538
phenixace-Chem-R-Faithful,functional_group,27,10,920,0.496,0.4798,0.099,0.9454,0.9488,0.2392,0.8372,0.8484,0.0538
phenixace-Chem-R-Faithful,functional_group,28,10,920,0.4929,0.4707,0.099,0.9446,0.9501,0.2392,0.8408,0.8574,0.0538
phenixace-Chem-R-Faithful,functional_group,29,10,920,0.486,0.4589,0.099,0.9465,0.9542,0.2392,0.8493,0.8702,0.0538
phenixace-Chem-R-Faithful,functional_group,30,10,920,0.474,0.4445,0.099,0.951,0.9599,0.2392,0.8617,0.8841,0.0538
phenixace-Chem-R-Faithful,functional_group,31,10,920,0.489,0.4603,0.099,0.9418,0.9511,0.2392,0.8434,0.8685,0.0538
OpenDFM-ChemDFM-v1.5-8B,functional_group,0,10,920,0.7045,0.7072,0.099,0.546,0.5475,0.2392,0.4059,0.4077,0.0538
OpenDFM-ChemDFM-v1.5-8B,functional_group,1,10,920,0.8195,0.82,0.099,0.5966,0.5945,0.2392,0.4241,0.4221,0.0538
OpenDFM-ChemDFM-v1.5-8B,functional_group,2,10,920,0.9846,0.9854,0.099,0.5154,0.5141,0.2392,0.2986,0.298,0.0538
OpenDFM-ChemDFM-v1.5-8B,functional_group,3,10,920,0.9962,0.9971,0.099,0.5603,0.5579,0.2392,0.3134,0.3114,0.0538
OpenDFM-ChemDFM-v1.5-8B,functional_group,4,10,920,0.9978,0.9982,0.099,0.585,0.5839,0.2392,0.3228,0.3214,0.0538
OpenDFM-ChemDFM-v1.5-8B,functional_group,5,10,920,0.9935,0.9941,0.099,0.5983,0.597,0.2392,0.327,0.3252,0.0538
OpenDFM-ChemDFM-v1.5-8B,functional_group,6,10,920,0.9912,0.9924,0.099,0.6083,0.6088,0.2392,0.3307,0.3296,0.0538
OpenDFM-ChemDFM-v1.5-8B,functional_group,7,10,920,0.9897,0.9914,0.099,0.6097,0.6085,0.2392,0.3388,0.3367,0.0538
OpenDFM-ChemDFM-v1.5-8B,functional_group,8,10,920,0.9875,0.9884,0.099,0.6249,0.622,0.2392,0.3452,0.3427,0.0538
OpenDFM-ChemDFM-v1.5-8B,functional_group,9,10,920,0.9861,0.9862,0.099,0.6274,0.6239,0.2392,0.3461,0.3454,0.0538
OpenDFM-ChemDFM-v1.5-8B,functional_group,10,10,920,0.9708,0.9717,0.099,0.6398,0.6396,0.2392,0.362,0.3612,0.0538
OpenDFM-ChemDFM-v1.5-8B,functional_group,11,10,920,0.9622,0.9629,0.099,0.6479,0.646,0.2392,0.3704,0.3695,0.0538
OpenDFM-ChemDFM-v1.5-8B,functional_group,12,10,920,0.9523,0.9528,0.099,0.6586,0.6593,0.2392,0.3828,0.3822,0.0538
OpenDFM-ChemDFM-v1.5-8B,functional_group,13,10,920,0.9447,0.946,0.099,0.6707,0.6675,0.2392,0.3925,0.3893,0.0538
OpenDFM-ChemDFM-v1.5-8B,functional_group,14,10,920,0.934,0.9359,0.099,0.6721,0.6682,0.2392,0.392,0.3907,0.0538
OpenDFM-ChemDFM-v1.5-8B,functional_group,15,10,920,0.9225,0.9223,0.099,0.6853,0.6809,0.2392,0.4074,0.4053,0.0538
OpenDFM-ChemDFM-v1.5-8B,functional_group,16,10,920,0.9071,0.9101,0.099,0.7192,0.7112,0.2392,0.4317,0.428,0.0538
OpenDFM-ChemDFM-v1.5-8B,functional_group,17,10,920,0.8661,0.8682,0.099,0.7203,0.7124,0.2392,0.4449,0.4409,0.0538
OpenDFM-ChemDFM-v1.5-8B,functional_group,18,10,920,0.8238,0.8272,0.099,0.7654,0.7593,0.2392,0.4925,0.4885,0.0538
OpenDFM-ChemDFM-v1.5-8B,functional_group,19,10,920,0.7805,0.7889,0.099,0.8364,0.8287,0.2392,0.5576,0.5482,0.0538
OpenDFM-ChemDFM-v1.5-8B,functional_group,20,10,920,0.7605,0.7717,0.099,0.8482,0.839,0.2392,0.578,0.5646,0.0538
OpenDFM-ChemDFM-v1.5-8B,functional_group,21,10,920,0.6988,0.7021,0.099,0.8901,0.8862,0.2392,0.6488,0.6445,0.0538
OpenDFM-ChemDFM-v1.5-8B,functional_group,22,10,920,0.6421,0.6411,0.099,0.8977,0.8977,0.2392,0.7049,0.7057,0.0538
OpenDFM-ChemDFM-v1.5-8B,functional_group,23,10,920,0.6096,0.6046,0.099,0.9057,0.9073,0.2392,0.7345,0.7382,0.0538
OpenDFM-ChemDFM-v1.5-8B,functional_group,24,10,920,0.562,0.557,0.099,0.9255,0.9287,0.2392,0.7815,0.7857,0.0538
OpenDFM-ChemDFM-v1.5-8B,functional_group,25,10,920,0.5549,0.5522,0.099,0.9335,0.9343,0.2392,0.791,0.792,0.0538
OpenDFM-ChemDFM-v1.5-8B,functional_group,26,10,920,0.5543,0.5509,0.099,0.9364,0.9367,0.2392,0.7939,0.7953,0.0538
OpenDFM-ChemDFM-v1.5-8B,functional_group,27,10,920,0.5572,0.5523,0.099,0.9372,0.9377,0.2392,0.7947,0.7962,0.0538
OpenDFM-ChemDFM-v1.5-8B,functional_group,28,10,920,0.5686,0.562,0.099,0.933,0.9326,0.2392,0.7851,0.7895,0.0538
OpenDFM-ChemDFM-v1.5-8B,functional_group,29,10,920,0.5708,0.5625,0.099,0.9318,0.9335,0.2392,0.7863,0.7923,0.0538
OpenDFM-ChemDFM-v1.5-8B,functional_group,30,10,920,0.5689,0.5599,0.099,0.9332,0.9362,0.2392,0.7892,0.7964,0.0538
OpenDFM-ChemDFM-v1.5-8B,functional_group,31,10,920,0.568,0.5592,0.099,0.9339,0.9375,0.2392,0.7889,0.797,0.0538
deepseek-ai-DeepSeek-R1-Distill-Llama-8B,functional_group,0,10,920,0.7227,0.7237,0.099,0.6301,0.6299,0.2392,0.5003,0.4989,0.0538
deepseek-ai-DeepSeek-R1-Distill-Llama-8B,functional_group,1,10,920,0.8734,0.8725,0.099,0.6158,0.6172,0.2392,0.4289,0.4287,0.0538
deepseek-ai-DeepSeek-R1-Distill-Llama-8B,functional_group,2,10,920,0.9745,0.9754,0.099,0.5605,0.5626,0.2392,0.3445,0.3446,0.0538
deepseek-ai-DeepSeek-R1-Distill-Llama-8B,functional_group,3,10,920,0.994,0.9952,0.099,0.5503,0.5492,0.2392,0.327,0.3243,0.0538
deepseek-ai-DeepSeek-R1-Distill-Llama-8B,functional_group,4,10,920,0.9963,0.9963,0.099,0.564,0.5646,0.2392,0.3264,0.326,0.0538
deepseek-ai-DeepSeek-R1-Distill-Llama-8B,functional_group,5,10,920,0.9946,0.995,0.099,0.5604,0.5589,0.2392,0.3233,0.3209,0.0538
deepseek-ai-DeepSeek-R1-Distill-Llama-8B,functional_group,6,10,920,0.991,0.9913,0.099,0.5687,0.5684,0.2392,0.3308,0.3297,0.0538
deepseek-ai-DeepSeek-R1-Distill-Llama-8B,functional_group,7,10,920,0.9892,0.989,0.099,0.5712,0.5735,0.2392,0.3354,0.3358,0.0538
deepseek-ai-DeepSeek-R1-Distill-Llama-8B,functional_group,8,10,920,0.9795,0.98,0.099,0.5843,0.5801,0.2392,0.346,0.3447,0.0538
deepseek-ai-DeepSeek-R1-Distill-Llama-8B,functional_group,9,10,920,0.9843,0.9843,0.099,0.5785,0.5787,0.2392,0.3396,0.3397,0.0538
deepseek-ai-DeepSeek-R1-Distill-Llama-8B,functional_group,10,10,920,0.981,0.9817,0.099,0.5865,0.5836,0.2392,0.3416,0.3395,0.0538
deepseek-ai-DeepSeek-R1-Distill-Llama-8B,functional_group,11,10,920,0.9734,0.9735,0.099,0.5954,0.5942,0.2392,0.3471,0.3464,0.0538
deepseek-ai-DeepSeek-R1-Distill-Llama-8B,functional_group,12,10,920,0.9685,0.9682,0.099,0.6096,0.6077,0.2392,0.3555,0.3547,0.0538
deepseek-ai-DeepSeek-R1-Distill-Llama-8B,functional_group,13,10,920,0.9592,0.9593,0.099,0.6289,0.6284,0.2392,0.3721,0.3713,0.0538
deepseek-ai-DeepSeek-R1-Distill-Llama-8B,functional_group,14,10,920,0.9435,0.943,0.099,0.6491,0.6483,0.2392,0.3945,0.3948,0.0538
deepseek-ai-DeepSeek-R1-Distill-Llama-8B,functional_group,15,10,920,0.9472,0.9478,0.099,0.6585,0.6545,0.2392,0.4015,0.4005,0.0538
deepseek-ai-DeepSeek-R1-Distill-Llama-8B,functional_group,16,10,920,0.9338,0.9348,0.099,0.7264,0.7225,0.2392,0.4351,0.4333,0.0538
deepseek-ai-DeepSeek-R1-Distill-Llama-8B,functional_group,17,10,920,0.9153,0.9189,0.099,0.7374,0.7318,0.2392,0.4549,0.4504,0.0538
deepseek-ai-DeepSeek-R1-Distill-Llama-8B,functional_group,18,10,920,0.8991,0.9037,0.099,0.7624,0.7582,0.2392,0.4717,0.4658,0.0538
deepseek-ai-DeepSeek-R1-Distill-Llama-8B,functional_group,19,10,920,0.8591,0.8605,0.099,0.8534,0.8495,0.2392,0.519,0.516,0.0538
deepseek-ai-DeepSeek-R1-Distill-Llama-8B,functional_group,20,10,920,0.849,0.8515,0.099,0.8584,0.8542,0.2392,0.5283,0.5242,0.0538
deepseek-ai-DeepSeek-R1-Distill-Llama-8B,functional_group,21,10,920,0.8095,0.8103,0.099,0.8914,0.8871,0.2392,0.5766,0.5738,0.0538
deepseek-ai-DeepSeek-R1-Distill-Llama-8B,functional_group,22,10,920,0.7885,0.7851,0.099,0.8943,0.8921,0.2392,0.5961,0.598,0.0538
deepseek-ai-DeepSeek-R1-Distill-Llama-8B,functional_group,23,10,920,0.7604,0.7566,0.099,0.9004,0.8989,0.2392,0.6229,0.6257,0.0538
deepseek-ai-DeepSeek-R1-Distill-Llama-8B,functional_group,24,10,920,0.7465,0.7414,0.099,0.9051,0.9052,0.2392,0.6359,0.6404,0.0538
deepseek-ai-DeepSeek-R1-Distill-Llama-8B,functional_group,25,10,920,0.7482,0.7451,0.099,0.9072,0.9046,0.2392,0.6359,0.6382,0.0538
deepseek-ai-DeepSeek-R1-Distill-Llama-8B,functional_group,26,10,920,0.7452,0.742,0.099,0.9079,0.9073,0.2392,0.6387,0.6412,0.0538
deepseek-ai-DeepSeek-R1-Distill-Llama-8B,functional_group,27,10,920,0.7452,0.7437,0.099,0.9078,0.9067,0.2392,0.6391,0.6397,0.0538
deepseek-ai-DeepSeek-R1-Distill-Llama-8B,functional_group,28,10,920,0.7477,0.7457,0.099,0.9062,0.9065,0.2392,0.6378,0.6388,0.0538
deepseek-ai-DeepSeek-R1-Distill-Llama-8B,functional_group,29,10,920,0.752,0.7495,0.099,0.9074,0.9061,0.2392,0.6346,0.6357,0.0538
deepseek-ai-DeepSeek-R1-Distill-Llama-8B,functional_group,30,10,920,0.7587,0.7566,0.099,0.9087,0.9104,0.2392,0.6305,0.6311,0.0538
deepseek-ai-DeepSeek-R1-Distill-Llama-8B,functional_group,31,10,920,0.7785,0.7728,0.099,0.9067,0.9076,0.2392,0.6091,0.6146,0.0538
